{
  "objects": [
    {
      "id": 0,
      "object": "cb_robo",
      "position": {"x": 0.0, "y": 0.0, "z": 0.0},
      "rotation": {"x": 0, "y": 0, "z": 0},
      "scale": {"x": 1.0, "y": 1.0, "z": 1.0},
      "data": 0,
      "spawnFlag": null,
      "variant": 0,
      "flags": ["spawn", "botcam", "interact"],
      "script": null
    },
    {
      "id": 1,
      "object": "npc_mama",
      "position": {"x": -122.36, "y": 0.0, "z": -1.85},
      "rotation": {"x": 0, "y": -54, "z": 0},
      "scale": {"x": 1.0, "y": 1.0, "z": 1.0},
      "data": 0,
      "spawnFlag": null,
      "variant": 0,
      "flags": ["spawn", "interact", "projectile"],
      "script": 61
    },
    {
      "id": 2,
      "object": "npc_papa",
      "position": {"x": -174.65, "y": 0.0, "z": 81.61},
      "rotation": {"x": 0, "y": -179, "z": 0},
      "scale": {"x": 1.0, "y": 1.0, "z": 1.0},
      "data": 0,
      "spawnFlag": null,
      "variant": 0,
      "flags": ["spawn", "interact", "projectile"],
      "script": 74
    },
    {
      "id": 3,
      "object": "npc_tonpy",
      "position": {"x": 114.84, "y": 47.79, "z": 24.07},
      "rotation": {"x": 0, "y": -85, "z": 0},
      "scale": {"x": 1.0, "y": 1.0, "z": 1.0},
      "data": 0,
      "spawnFlag": null,
      "variant": 1,
      "flags": ["spawn", "opaque", "lowpri", "interact", "projectile"],
      "script": 77
    },
    {
      "id": 4,
      "object": "parent_map",
      "position": {"x": 0.0, "y": 0.0, "z": 0.0},
      "rotation": {"x": 0, "y": 0, "z": 0},
      "scale": {"x": 1.0, "y": 1.0, "z": 1.0},
      "data": 0,
      "spawnFlag": null,
      "variant": 0,
      "flags": ["spawn", "interact", "mirror"],
      "script": null
    },
    {
      "id": 5,
      "object": "parent_barwall_l",
      "position": {"x": -321.39, "y": 0.0, "z": 0.0},
      "rotation": {"x": 0, "y": 0, "z": 0},
      "scale": {"x": 1.0, "y": 1.0, "z": 1.0},
      "data": 0,
      "spawnFlag": null,
      "variant": 0,
      "flags": ["spawn", "climb", "clamber", "interact"],
      "script": null
    },
    {
      "id": 6,
      "object": "parent_barwall_m",
      "position": {"x": -4.31, "y": 0.0, "z": 0.0},
      "rotation": {"x": 0, "y": 0, "z": 0},
      "scale": {"x": 1.0, "y": 1.0, "z": 1.0},
      "data": 0,
      "spawnFlag": null,
      "variant": 0,
      "flags": ["spawn", "climb", "clamber", "interact"],
      "script": null
    },
    {
      "id": 7,
      "object": "parent_wall",
      "position": {"x": 0.0, "y": 0.0, "z": 0.0},
      "rotation": {"x": 0, "y": 0, "z": 0},
      "scale": {"x": 1.0, "y": 1.0, "z": 1.0},
      "data": 0,
      "spawnFlag": null,
      "variant": 0,
      "flags": ["spawn", "opaque", "interact"],
      "script": null
    },
    {
      "id": 8,
      "object": "parent_partition",
      "position": {"x": -4.31, "y": 0.0, "z": -97.46},
      "rotation": {"x": 0, "y": 0, "z": 0},
      "scale": {"x": 1.0, "y": 1.0, "z": 1.0},
      "data": 0,
      "spawnFlag": null,
      "variant": 0,
      "flags": ["spawn", "interact"],
      "script": null
    },
    {
      "id": 9,
      "object": "parent_wallshelf",
      "position": {"x": -341.53, "y": 96.33, "z": -59.12},
      "rotation": {"x": 0, "y": 0, "z": 0},
      "scale": {"x": 1.0, "y": 1.0, "z": 1.0},
      "data": 0,
      "spawnFlag": null,
      "variant": 0,
      "flags": ["spawn", "climb", "clamber", "interact"],
      "script": null
    },
    {
      "id": 10,
      "object": "parent_wallshelf_2",
      "position": {"x": -341.53, "y": 96.33, "z": 0.65},
      "rotation": {"x": 0, "y": 0, "z": 0},
      "scale": {"x": 1.0, "y": 1.0, "z": 1.0},
      "data": 0,
      "spawnFlag": null,
      "variant": 0,
      "flags": ["spawn", "climb", "clamber", "interact"],
      "script": null
    },
    {
      "id": 11,
      "object": "parent_wallshelf_3",
      "position": {"x": -341.53, "y": 96.33, "z": 60.35},
      "rotation": {"x": 0, "y": 0, "z": 0},
      "scale": {"x": 1.0, "y": 1.0, "z": 1.0},
      "data": 0,
      "spawnFlag": null,
      "variant": 0,
      "flags": ["spawn", "climb", "clamber", "interact"],
      "script": null
    },
    {
      "id": 12,
      "object": "parent_wallshelf_4",
      "position": {"x": -341.53, "y": 96.33, "z": 119.98},
      "rotation": {"x": 0, "y": 0, "z": 0},
      "scale": {"x": 1.0, "y": 1.0, "z": 1.0},
      "data": 0,
      "spawnFlag": null,
      "variant": 0,
      "flags": ["spawn", "climb", "clamber", "interact"],
      "script": null
    },
    {
      "id": 13,
      "object": "parent_bed",
      "position": {"x": 192.38, "y": 0.0, "z": -73.48},
      "rotation": {"x": 0, "y": 0, "z": 0},
      "scale": {"x": 1.0, "y": 1.0, "z": 1.0},
      "data": 0,
      "spawnFlag": null,
      "variant": 0,
      "flags": ["spawn", "interact"],
      "script": null
    },
    {
      "id": 14,
      "object": "parent_sofa",
      "position": {"x": -241.75, "y": 0.0, "z": 57.38},
      "rotation": {"x": 0, "y": -45, "z": 0},
      "scale": {"x": 1.0, "y": 1.0, "z": 1.0},
      "data": 0,
      "spawnFlag": null,
      "variant": 0,
      "flags": ["spawn", "interact"],
      "script": null
    },
    {
      "id": 15,
      "object": "parent_sofa",
      "position": {"x": -114.87, "y": 0.0, "z": 50.02},
      "rotation": {"x": 0, "y": 45, "z": 0},
      "scale": {"x": 1.0, "y": 1.0, "z": 1.0},
      "data": 0,
      "spawnFlag": null,
      "variant": 0,
      "flags": ["spawn", "interact"],
      "script": null
    },
    {
      "id": 16,
      "object": "parent_table",
      "position": {"x": -179.48, "y": 0.0, "z": 10.33},
      "rotation": {"x": 0, "y": 0, "z": 0},
      "scale": {"x": 0.9, "y": 1.0, "z": 0.9},
      "data": 0,
      "spawnFlag": null,
      "variant": 0,
      "flags": ["spawn", "climb", "clamber", "interact"],
      "script": null
    },
    {
      "id": 17,
      "object": "parent_closet",
      "position": {"x": 321.75, "y": 0.0, "z": 151.78},
      "rotation": {"x": 0, "y": 0, "z": 0},
      "scale": {"x": 1.0, "y": 1.0, "z": 1.0},
      "data": 0,
      "spawnFlag": null,
      "variant": 0,
      "flags": ["spawn", "interact"],
      "script": null
    },
    {
      "id": 18,
      "object": "parent_chair",
      "position": {"x": 129.87, "y": 0.0, "z": 209.69},
      "rotation": {"x": 0, "y": 0, "z": 0},
      "scale": {"x": 1.0, "y": 1.0, "z": 1.0},
      "data": 0,
      "spawnFlag": null,
      "variant": 0,
      "flags": ["spawn", "interact"],
      "script": null
    },
    {
      "id": 19,
      "object": "parent_sidetable",
      "position": {"x": 54.86, "y": 0.0, "z": -168.61},
      "rotation": {"x": 0, "y": 0, "z": 0},
      "scale": {"x": 1.0, "y": 1.0, "z": 1.0},
      "data": 0,
      "spawnFlag": null,
      "variant": 0,
      "flags": ["spawn", "climb", "clamber", "interact", "mirror"],
      "script": null
    },
    {
      "id": 20,
      "object": "parent_window",
      "position": {"x": 0.0, "y": 0.0, "z": -224.99},
      "rotation": {"x": 0, "y": 0, "z": 0},
      "scale": {"x": 1.0, "y": 1.0, "z": 1.0},
      "data": 0,
      "spawnFlag": null,
      "variant": 0,
      "flags": ["spawn", "climb", "clamber", "interact"],
      "script": null
    },
    {
      "id": 21,
      "object": "parent_blind_r",
      "position": {"x": 161.19, "y": 202.36, "z": -224.99},
      "rotation": {"x": 0, "y": 0, "z": 0},
      "scale": {"x": 1.0, "y": 1.0, "z": 1.0},
      "data": 0,
      "spawnFlag": null,
      "variant": 0,
      "flags": ["spawn", "interact"],
      "script": null
    },
    {
      "id": 22,
      "object": "parent_blind_l",
      "position": {"x": -166.44, "y": 202.36, "z": -224.99},
      "rotation": {"x": 0, "y": 0, "z": 0},
      "scale": {"x": 1.0, "y": 1.0, "z": 1.0},
      "data": 0,
      "spawnFlag": null,
      "variant": 0,
      "flags": ["spawn", "interact"],
      "script": null
    },
    {
      "id": 23,
      "object": "parent_door",
      "position": {"x": -262.0, "y": 0.0, "z": 290.0},
      "rotation": {"x": 0, "y": 0, "z": 0},
      "scale": {"x": 1.0, "y": 1.0, "z": 1.0},
      "data": 0,
      "spawnFlag": null,
      "variant": 0,
      "flags": ["spawn", "climb", "interact"],
      "script": null
    },
    {
      "id": 24,
      "object": "npc_funky_f",
      "position": {"x": 247.13, "y": 95.8, "z": -206.31},
      "rotation": {"x": 0, "y": 0, "z": 0},
      "scale": {"x": 0.7, "y": 0.7, "z": 0.7},
      "data": 0,
      "spawnFlag": null,
      "variant": 0,
      "flags": ["spawn", "interact", "projectile"],
      "script": null
    },
    {
      "id": 25,
      "object": "npc_t_rex",
      "position": {"x": -109.46, "y": 8.59, "z": -1.53},
      "rotation": {"x": 1, "y": -174, "z": -96},
      "scale": {"x": 1.0, "y": 1.0, "z": 1.0},
      "data": 0,
      "spawnFlag": null,
      "variant": 0,
      "flags": ["spawn", "interact", "projectile"],
      "script": null
    },
    {
      "id": 26,
      "object": "cll_papa",
      "position": {"x": 0.0, "y": 0.0, "z": 0.0},
      "rotation": {"x": 0, "y": 0, "z": 0},
      "scale": {"x": 1.0, "y": 1.0, "z": 1.0},
      "data": 0,
      "spawnFlag": null,
      "variant": 0,
      "flags": ["interact"],
      "script": null
    },
    {
      "id": 27,
      "object": "cll_mama",
      "position": {"x": 0.0, "y": 0.0, "z": 0.0},
      "rotation": {"x": 0, "y": 0, "z": 0},
      "scale": {"x": 1.0, "y": 1.0, "z": 1.0},
      "data": 0,
      "spawnFlag": null,
      "variant": 0,
      "flags": ["interact"],
      "script": null
    },
    {
      "id": 28,
      "object": "parent_doorwindow",
      "position": {"x": -262.0, "y": 0.0, "z": 290.0},
      "rotation": {"x": 0, "y": 0, "z": 0},
      "scale": {"x": 1.0, "y": 1.0, "z": 1.0},
      "data": 0,
      "spawnFlag": null,
      "variant": 0,
      "flags": ["spawn", "interact"],
      "script": null
    },
    {
      "id": 29,
      "object": "parent_doorbell",
      "position": {"x": -262.0, "y": 0.0, "z": 290.0},
      "rotation": {"x": 0, "y": 0, "z": 0},
      "scale": {"x": 1.0, "y": 1.0, "z": 1.0},
      "data": 0,
      "spawnFlag": null,
      "variant": 0,
      "flags": ["spawn", "clamber", "interact"],
      "script": null
    },
    {
      "id": 30,
      "object": "parent_doorswitch",
      "position": {"x": -262.0, "y": 0.0, "z": 290.0},
      "rotation": {"x": 0, "y": 0, "z": 0},
      "scale": {"x": 1.0, "y": 1.0, "z": 1.0},
      "data": 0,
      "spawnFlag": null,
      "variant": 0,
      "flags": ["spawn", "interact"],
      "script": null
    },
    {
      "id": 31,
      "object": "parent_doorswitch",
      "position": {"x": -262.0, "y": 0.0, "z": 290.0},
      "rotation": {"x": 0, "y": 0, "z": 0},
      "scale": {"x": 1.0, "y": 1.0, "z": 1.0},
      "data": 0,
      "spawnFlag": null,
      "variant": 0,
      "flags": ["spawn", "interact"],
      "script": null
    },
    {
      "id": 32,
      "object": "parent_blindhandle_l",
      "position": {"x": -55.29, "y": 202.36, "z": -215.08},
      "rotation": {"x": 0, "y": 0, "z": 0},
      "scale": {"x": 1.0, "y": 1.0, "z": 1.0},
      "data": 0,
      "spawnFlag": null,
      "variant": 0,
      "flags": ["spawn", "rope", "interact"],
      "script": null
    },
    {
      "id": 33,
      "object": "parent_bed_2",
      "position": {"x": 192.38, "y": 0.0, "z": -73.48},
      "rotation": {"x": 0, "y": 0, "z": 0},
      "scale": {"x": 1.0, "y": 1.0, "z": 1.0},
      "data": 0,
      "spawnFlag": null,
      "variant": 0,
      "flags": ["interact", "mirror"],
      "script": null
    },
    {
      "id": 34,
      "object": "parent_bed_stay",
      "position": {"x": 190.6, "y": 0.0, "z": -180.26},
      "rotation": {"x": 0, "y": 0, "z": 0},
      "scale": {"x": 1.0, "y": 1.0, "z": 1.0},
      "data": 0,
      "spawnFlag": null,
      "variant": 0,
      "flags": ["spawn", "interact", "mirror"],
      "script": null
    },
    {
      "id": 35,
      "object": "parent_cornershelf",
      "position": {"x": -191.68, "y": 0.0, "z": -197.28},
      "rotation": {"x": 0, "y": 0, "z": 0},
      "scale": {"x": 1.0, "y": 1.0, "z": 1.0},
      "data": 0,
      "spawnFlag": null,
      "variant": 0,
      "flags": ["spawn", "climb", "clamber", "interact"],
      "script": null
    },
    {
      "id": 36,
      "object": "parent_cornershelf_ladder",
      "position": {"x": -301.34, "y": 0.0, "z": -119.86},
      "rotation": {"x": 0, "y": 0, "z": 0},
      "scale": {"x": 1.0, "y": 1.0, "z": 1.0},
      "data": 0,
      "spawnFlag": null,
      "variant": 0,
      "flags": ["spawn", "ladder", "interact"],
      "script": null
    },
    {
      "id": 37,
      "object": "parent_cornershelf_ladder",
      "position": {"x": -193.96, "y": 0.0, "z": -156.6},
      "rotation": {"x": 0, "y": 0, "z": 0},
      "scale": {"x": 1.0, "y": 1.0, "z": 1.0},
      "data": 0,
      "spawnFlag": null,
      "variant": 0,
      "flags": ["spawn", "ladder", "interact"],
      "script": null
    },
    {
      "id": 38,
      "object": "parent_cornershelf_ladder",
      "position": {"x": -221.32, "y": 0.0, "z": -156.64},
      "rotation": {"x": 0, "y": 0, "z": 0},
      "scale": {"x": 1.0, "y": 1.0, "z": 1.0},
      "data": 0,
      "spawnFlag": null,
      "variant": 0,
      "flags": ["spawn", "ladder", "interact"],
      "script": null
    },
    {
      "id": 39,
      "object": "parent_cornershelf_ladder",
      "position": {"x": -141.24, "y": 0.0, "z": -155.7},
      "rotation": {"x": 0, "y": -24, "z": 0},
      "scale": {"x": 1.0, "y": 1.0, "z": 1.0},
      "data": 0,
      "spawnFlag": null,
      "variant": 0,
      "flags": ["spawn", "ladder", "interact"],
      "script": null
    },
    {
      "id": 40,
      "object": "parent_cornershelf_ladder",
      "position": {"x": -280.63, "y": 0.0, "z": -124.37},
      "rotation": {"x": 0, "y": 22, "z": 0},
      "scale": {"x": 1.0, "y": 1.0, "z": 1.0},
      "data": 0,
      "spawnFlag": null,
      "variant": 0,
      "flags": ["spawn", "ladder", "interact"],
      "script": null
    },
    {
      "id": 41,
      "object": "parent_cornershelf_ladder",
      "position": {"x": -59.5, "y": 0.0, "z": -124.11},
      "rotation": {"x": 0, "y": 22, "z": 0},
      "scale": {"x": 1.0, "y": 1.0, "z": 1.0},
      "data": 0,
      "spawnFlag": null,
      "variant": 0,
      "flags": ["spawn", "ladder", "interact"],
      "script": null
    },
    {
      "id": 42,
      "object": "parent_cornershelf_ladder",
      "position": {"x": -39.18, "y": 0.0, "z": -137.99},
      "rotation": {"x": 0, "y": 45, "z": 0},
      "scale": {"x": 1.0, "y": 1.0, "z": 1.0},
      "data": 0,
      "spawnFlag": null,
      "variant": 0,
      "flags": ["spawn", "ladder", "interact"],
      "script": null
    },
    {
      "id": 43,
      "object": "parent_cornershelf_ladder",
      "position": {"x": -25.5, "y": 0.0, "z": -158.39},
      "rotation": {"x": 0, "y": 67, "z": 0},
      "scale": {"x": 1.0, "y": 1.0, "z": 1.0},
      "data": 0,
      "spawnFlag": null,
      "variant": 0,
      "flags": ["spawn", "interact"],
      "script": null
    },
    {
      "id": 44,
      "object": "socket",
      "position": {"x": -43.0, "y": 18.61, "z": 287.9},
      "rotation": {"x": 0, "y": 180, "z": 0},
      "scale": {"x": 1.0, "y": 1.0, "z": 1.0},
      "data": 0,
      "spawnFlag": null,
      "variant": 0,
      "flags": ["spawn", "opaque", "interact"],
      "script": null
    },
    {
      "id": 45,
      "object": "socket",
      "position": {"x": 340.28, "y": 18.61, "z": 0.0},
      "rotation": {"x": 0, "y": -90, "z": 0},
      "scale": {"x": 1.0, "y": 1.0, "z": 1.0},
      "data": 0,
      "spawnFlag": null,
      "variant": 0,
      "flags": ["spawn", "opaque", "interact"],
      "script": null
    },
    {
      "id": 46,
      "object": "plug_start",
      "position": {"x": -43.0, "y": 0.0, "z": 279.94},
      "rotation": {"x": 0, "y": 180, "z": 0},
      "scale": {"x": 1.0, "y": 1.0, "z": 1.0},
      "data": 0,
      "spawnFlag": null,
      "variant": 0,
      "flags": ["spawn", "intangible", "cull", "interact"],
      "script": 78
    },
    {
      "id": 47,
      "object": "plug_start",
      "position": {"x": 332.28, "y": 0.0, "z": 0.0},
      "rotation": {"x": 0, "y": -90, "z": 0},
      "scale": {"x": 1.0, "y": 1.0, "z": 1.0},
      "data": 0,
      "spawnFlag": null,
      "variant": 0,
      "flags": ["spawn", "intangible", "cull", "interact"],
      "script": 79
    },
    {
      "id": 48,
      "object": "parent_skirting_board",
      "position": {"x": 0.0, "y": 0.0, "z": 0.0},
      "rotation": {"x": 0, "y": 0, "z": 0},
      "scale": {"x": 1.0, "y": 1.0, "z": 1.0},
      "data": 0,
      "spawnFlag": null,
      "variant": 0,
      "flags": ["spawn", "climb", "clamber", "interact"],
      "script": null
    },
    {
      "id": 49,
      "object": "living_tub",
      "position": {"x": 0.0, "y": 0.0, "z": 0.0},
      "rotation": {"x": 0, "y": 0, "z": 0},
      "scale": {"x": 1.0, "y": 1.0, "z": 1.0},
      "data": 0,
      "spawnFlag": null,
      "variant": 0,
      "flags": ["spawn", "atc"],
      "script": null
    },
    {
      "id": 50,
      "object": "parent_cam_papamama",
      "position": {"x": 0.0, "y": 0.0, "z": 0.0},
      "rotation": {"x": 0, "y": 0, "z": 0},
      "scale": {"x": 1.0, "y": 1.0, "z": 1.0},
      "data": 0,
      "spawnFlag": null,
      "variant": 0,
      "flags": ["spawn", "lift", "interact"],
      "script": null
    },
    {
      "id": 51,
      "object": "fx_zact_gicco",
      "position": {"x": 0.0, "y": 0.0, "z": 0.0},
      "rotation": {"x": 0, "y": 0, "z": 0},
      "scale": {"x": 1.0, "y": 1.0, "z": 1.0},
      "data": 0,
      "spawnFlag": null,
      "variant": 0,
      "flags": [],
      "script": null
    },
    {
      "id": 52,
      "object": "fx_zact_tao",
      "position": {"x": 0.0, "y": 0.0, "z": 0.0},
      "rotation": {"x": 0, "y": 0, "z": 0},
      "scale": {"x": 1.0, "y": 1.0, "z": 1.0},
      "data": 0,
      "spawnFlag": null,
      "variant": 0,
      "flags": [],
      "script": null
    },
    {
      "id": 53,
      "object": "fx_zact_frog",
      "position": {"x": 0.0, "y": 0.0, "z": 0.0},
      "rotation": {"x": 0, "y": 0, "z": 0},
      "scale": {"x": 1.0, "y": 1.0, "z": 1.0},
      "data": 0,
      "spawnFlag": null,
      "variant": 0,
      "flags": [],
      "script": null
    },
    {
      "id": 54,
      "object": "fx_zact_injured",
      "position": {"x": 0.0, "y": 0.0, "z": 0.0},
      "rotation": {"x": 0, "y": 0, "z": 0},
      "scale": {"x": 1.0, "y": 1.0, "z": 1.0},
      "data": 0,
      "spawnFlag": null,
      "variant": 0,
      "flags": [],
      "script": null
    },
    {
      "id": 55,
      "object": "fx_zact_pajamas",
      "position": {"x": 0.0, "y": 0.0, "z": 0.0},
      "rotation": {"x": 0, "y": 0, "z": 0},
      "scale": {"x": 1.0, "y": 1.0, "z": 1.0},
      "data": 0,
      "spawnFlag": null,
      "variant": 0,
      "flags": [],
      "script": null
    },
    {
      "id": 56,
      "object": "fx_zact_pajamas",
      "position": {"x": 0.0, "y": 0.0, "z": 0.0},
      "rotation": {"x": 0, "y": 0, "z": 0},
      "scale": {"x": 1.0, "y": 1.0, "z": 1.0},
      "data": 0,
      "spawnFlag": null,
      "variant": 0,
      "flags": [],
      "script": null
    },
    {
      "id": 57,
      "object": "fx_zact_ghost",
      "position": {"x": 0.0, "y": 0.0, "z": 0.0},
      "rotation": {"x": 0, "y": 0, "z": 0},
      "scale": {"x": 1.0, "y": 1.0, "z": 1.0},
      "data": 0,
      "spawnFlag": null,
      "variant": 0,
      "flags": [],
      "script": null
    },
    {
      "id": 58,
      "object": "fx_tomp_scare_01",
      "position": {"x": 0.0, "y": 0.0, "z": 0.0},
      "rotation": {"x": 0, "y": 0, "z": 0},
      "scale": {"x": 1.0, "y": 1.0, "z": 1.0},
      "data": 0,
      "spawnFlag": null,
      "variant": 0,
      "flags": ["spawn", "interact"],
      "script": null
    },
    {
      "id": 59,
      "object": "parent_recplayer",
      "position": {"x": -97.28, "y": 72.0, "z": -170.75},
      "rotation": {"x": 0, "y": 0, "z": 0},
      "scale": {"x": 1.0, "y": 1.0, "z": 1.0},
      "data": 0,
      "spawnFlag": null,
      "variant": 0,
      "flags": ["spawn", "climb", "clamber", "interact", "mirror"],
      "script": null
    },
    {
      "id": 60,
      "object": "souko_obj_b",
      "position": {"x": -207.87, "y": 0.0, "z": 114.56},
      "rotation": {"x": 0, "y": 58, "z": 0},
      "scale": {"x": 1.0, "y": 1.0, "z": 1.0},
      "data": 0,
      "spawnFlag": null,
      "variant": 0,
      "flags": ["spawn", "climb", "interact"],
      "script": null
    },
    {
      "id": 61,
      "object": "parent_recspeaker_l",
      "position": {"x": -288.42, "y": 72.0, "z": -176.38},
      "rotation": {"x": 0, "y": 0, "z": 0},
      "scale": {"x": 1.0, "y": 1.0, "z": 1.0},
      "data": 0,
      "spawnFlag": null,
      "variant": 0,
      "flags": ["spawn", "climb", "clamber", "interact", "mirror"],
      "script": null
    },
    {
      "id": 62,
      "object": "parent_recspeaker_r",
      "position": {"x": -44.8, "y": 72.0, "z": -176.38},
      "rotation": {"x": 0, "y": 0, "z": 0},
      "scale": {"x": 1.0, "y": 1.0, "z": 1.0},
      "data": 0,
      "spawnFlag": null,
      "variant": 0,
      "flags": ["spawn", "climb", "clamber", "interact", "mirror"],
      "script": null
    },
    {
      "id": 63,
      "object": "parent_switch",
      "position": {"x": -339.52, "y": 106.7, "z": 164.7},
      "rotation": {"x": 0, "y": 0, "z": 0},
      "scale": {"x": 1.0, "y": 1.0, "z": 1.0},
      "data": 0,
      "spawnFlag": null,
      "variant": 0,
      "flags": ["spawn", "interact"],
      "script": null
    },
    {
      "id": 64,
      "object": "npc_army_4",
      "position": {"x": -8.18, "y": 185.44, "z": -26.93},
      "rotation": {"x": 0, "y": -90, "z": 0},
      "scale": {"x": 1.0, "y": 1.0, "z": 1.0},
      "data": 0,
      "spawnFlag": null,
      "variant": 10,
      "flags": ["interact", "projectile"],
      "script": null
    },
    {
      "id": 65,
      "object": "parent_case_janks",
      "position": {"x": -208.04, "y": 0.0, "z": 114.06},
      "rotation": {"x": 0, "y": 58, "z": 0},
      "scale": {"x": 1.0, "y": 1.0, "z": 1.0},
      "data": 0,
      "spawnFlag": null,
      "variant": 0,
      "flags": ["spawn", "interact"],
      "script": null
    },
    {
      "id": 66,
      "object": "parent_skirting_boardp",
      "position": {"x": -42.99, "y": 0.0, "z": 286.53},
      "rotation": {"x": 0, "y": 0, "z": 0},
      "scale": {"x": 1.0, "y": 1.0, "z": 1.0},
      "data": 0,
      "spawnFlag": null,
      "variant": 0,
      "flags": ["spawn", "interact"],
      "script": null
    },
    {
      "id": 67,
      "object": "parent_skirting_boardp",
      "position": {"x": 339.91, "y": 0.0, "z": -0.01},
      "rotation": {"x": 0, "y": 90, "z": 0},
      "scale": {"x": 1.0, "y": 1.0, "z": 1.0},
      "data": 0,
      "spawnFlag": null,
      "variant": 0,
      "flags": ["spawn", "interact"],
      "script": null
    },
    {
      "id": 68,
      "object": "parent_records",
      "position": {"x": -277.89, "y": 12.0, "z": -151.71},
      "rotation": {"x": 0, "y": 32, "z": 0},
      "scale": {"x": 1.0, "y": 1.0, "z": 1.0},
      "data": 0,
      "spawnFlag": null,
      "variant": 0,
      "flags": ["spawn", "interact"],
      "script": null
    },
    {
      "id": 69,
      "object": "parent_recplayer_needle",
      "position": {"x": -73.82, "y": 83.0, "z": -189.22},
      "rotation": {"x": 0, "y": 0, "z": 0},
      "scale": {"x": 1.0, "y": 1.0, "z": 1.0},
      "data": 0,
      "spawnFlag": null,
      "variant": 0,
      "flags": ["spawn", "climb", "clamber", "interact"],
      "script": null
    },
    {
      "id": 70,
      "object": "parent_pole_4",
      "position": {"x": -327.95, "y": 181.8, "z": -29.64},
      "rotation": {"x": 0, "y": 90, "z": 0},
      "scale": {"x": 1.0, "y": 1.0, "z": 1.0},
      "data": 0,
      "spawnFlag": null,
      "variant": 0,
      "flags": ["spawn", "interact"],
      "script": null
    },
    {
      "id": 71,
      "object": "parent_pole_4",
      "position": {"x": -4.15, "y": 181.8, "z": -26.4},
      "rotation": {"x": 0, "y": 0, "z": 0},
      "scale": {"x": 1.0, "y": 1.0, "z": 1.0},
      "data": 0,
      "spawnFlag": null,
      "variant": 0,
      "flags": ["spawn", "interact"],
      "script": null
    },
    {
      "id": 72,
      "object": "parent_pole_4",
      "position": {"x": -4.07, "y": 123.12, "z": -57.37},
      "rotation": {"x": 0, "y": 180, "z": 0},
      "scale": {"x": 1.0, "y": 1.7, "z": 1.0},
      "data": 0,
      "spawnFlag": null,
      "variant": 0,
      "flags": ["spawn", "interact"],
      "script": null
    },
    {
      "id": 73,
      "object": "parent_pole_4",
      "position": {"x": -79.19, "y": 5.95, "z": 281.79},
      "rotation": {"x": 0, "y": -90, "z": 0},
      "scale": {"x": 1.0, "y": 2.01, "z": 1.0},
      "data": 0,
      "spawnFlag": null,
      "variant": 0,
      "flags": ["spawn", "interact"],
      "script": null
    },
    {
      "id": 74,
      "object": "parent_pole_4",
      "position": {"x": 2.16, "y": 73.51, "z": 2.27},
      "rotation": {"x": 0, "y": 90, "z": 0},
      "scale": {"x": 1.0, "y": 0.88, "z": 1.0},
      "data": 0,
      "spawnFlag": null,
      "variant": 0,
      "flags": ["spawn", "interact"],
      "script": null
    },
    {
      "id": 75,
      "object": "parent_pole_4",
      "position": {"x": -10.29, "y": 150.53, "z": -106.77},
      "rotation": {"x": 0, "y": -90, "z": 0},
      "scale": {"x": 1.0, "y": 0.5, "z": 1.0},
      "data": 0,
      "spawnFlag": null,
      "variant": 0,
      "flags": ["spawn", "interact"],
      "script": null
    },
    {
      "id": 76,
      "object": "parent_pole_4",
      "position": {"x": -4.01, "y": 185.7, "z": -91.66},
      "rotation": {"x": 0, "y": 180, "z": 0},
      "scale": {"x": 1.0, "y": 0.94, "z": 1.0},
      "data": 0,
      "spawnFlag": null,
      "variant": 0,
      "flags": ["spawn", "interact"],
      "script": null
    },
    {
      "id": 77,
      "object": "parent_pole_4",
      "position": {"x": -327.92, "y": 181.8, "z": 30.45},
      "rotation": {"x": 0, "y": 90, "z": 0},
      "scale": {"x": 1.0, "y": 1.0, "z": 1.0},
      "data": 0,
      "spawnFlag": null,
      "variant": 0,
      "flags": ["spawn", "interact"],
      "script": null
    },
    {
      "id": 78,
      "object": "parent_pole_4",
      "position": {"x": -327.72, "y": 181.8, "z": 89.86},
      "rotation": {"x": 0, "y": 90, "z": 0},
      "scale": {"x": 1.0, "y": 1.0, "z": 1.0},
      "data": 0,
      "spawnFlag": null,
      "variant": 0,
      "flags": ["spawn", "interact"],
      "script": null
    },
    {
      "id": 79,
      "object": "parent_pole_4",
      "position": {"x": 327.26, "y": 146.97, "z": -46.57},
      "rotation": {"x": 0, "y": -90, "z": 0},
      "scale": {"x": 1.0, "y": 1.42, "z": 1.0},
      "data": 0,
      "spawnFlag": null,
      "variant": 0,
      "flags": ["spawn", "interact"],
      "script": null
    },
    {
      "id": 80,
      "object": "parent_pole_4",
      "position": {"x": 305.44, "y": 40.25, "z": 193.55},
      "rotation": {"x": 0, "y": -90, "z": 0},
      "scale": {"x": 1.0, "y": 0.54, "z": 1.0},
      "data": 0,
      "spawnFlag": null,
      "variant": 0,
      "flags": ["spawn", "interact"],
      "script": null
    },
    {
      "id": 81,
      "object": "parent_pole_4",
      "position": {"x": 310.85, "y": 136.66, "z": 194.12},
      "rotation": {"x": 0, "y": -90, "z": 0},
      "scale": {"x": 1.0, "y": 0.34, "z": 1.0},
      "data": 0,
      "spawnFlag": null,
      "variant": 0,
      "flags": ["spawn", "interact"],
      "script": null
    },
    {
      "id": 82,
      "object": "parent_pole_4",
      "position": {"x": 315.45, "y": 136.66, "z": 194.33},
      "rotation": {"x": 0, "y": 90, "z": 0},
      "scale": {"x": 1.0, "y": 0.34, "z": 1.0},
      "data": 0,
      "spawnFlag": null,
      "variant": 0,
      "flags": ["spawn", "interact"],
      "script": null
    },
    {
      "id": 83,
      "object": "parent_pole_4",
      "position": {"x": 329.04, "y": 51.42, "z": 121.43},
      "rotation": {"x": 0, "y": 180, "z": 0},
      "scale": {"x": 1.0, "y": 1.03, "z": 1.0},
      "data": 0,
      "spawnFlag": null,
      "variant": 0,
      "flags": ["spawn", "interact"],
      "script": null
    },
    {
      "id": 84,
      "object": "parent_pole_4",
      "position": {"x": -40.59, "y": 5.13, "z": 202.65},
      "rotation": {"x": 0, "y": 0, "z": 0},
      "scale": {"x": 1.0, "y": 1.12, "z": 1.0},
      "data": 0,
      "spawnFlag": null,
      "variant": 0,
      "flags": ["spawn", "rope", "interact"],
      "script": null
    },
    {
      "id": 85,
      "object": "parent_planter",
      "position": {"x": 219.38, "y": 108.24, "z": -239.6},
      "rotation": {"x": 0, "y": 0, "z": 0},
      "scale": {"x": 1.0, "y": 1.0, "z": 1.0},
      "data": 0,
      "spawnFlag": null,
      "variant": 0,
      "flags": ["spawn", "climb", "clamber", "atc", "mirror"],
      "script": 80
    },
    {
      "id": 86,
      "object": "parent_blindhandle_r",
      "position": {"x": 264.79, "y": 202.36, "z": -215.08},
      "rotation": {"x": 0, "y": 0, "z": 0},
      "scale": {"x": 1.0, "y": 1.0, "z": 1.0},
      "data": 0,
      "spawnFlag": null,
      "variant": 0,
      "flags": ["spawn", "rope", "interact"],
      "script": null
    },
    {
      "id": 87,
      "object": "fx_papa_01",
      "position": {"x": 0.0, "y": 0.0, "z": 0.0},
      "rotation": {"x": 0, "y": 0, "z": 0},
      "scale": {"x": 1.0, "y": 1.0, "z": 1.0},
      "data": 0,
      "spawnFlag": null,
      "variant": 0,
      "flags": ["interact"],
      "script": null
    },
    {
      "id": 88,
      "object": "kitchen_tuti_huta",
      "position": {"x": 218.87, "y": 130.14, "z": -239.2},
      "rotation": {"x": 0, "y": 0, "z": 0},
      "scale": {"x": 1.0, "y": 1.0, "z": 1.0},
      "data": 0,
      "spawnFlag": null,
      "variant": 0,
      "flags": ["intangible"],
      "script": null
    },
    {
      "id": 89,
      "object": "kitchen_tuti_ana",
      "position": {"x": 218.87, "y": 129.45, "z": -239.2},
      "rotation": {"x": 0, "y": 0, "z": 0},
      "scale": {"x": 1.0, "y": 1.0, "z": 1.0},
      "data": 0,
      "spawnFlag": null,
      "variant": 0,
      "flags": ["intangible", "interact"],
      "script": 85
    },
    {
      "id": 90,
      "object": "parent_clock_l",
      "position": {"x": 309.65, "y": 143.21, "z": 4.39},
      "rotation": {"x": 0, "y": 0, "z": 0},
      "scale": {"x": 1.0, "y": 1.0, "z": 1.0},
      "data": 0,
      "spawnFlag": null,
      "variant": 0,
      "flags": ["spawn", "interact"],
      "script": null
    },
    {
      "id": 91,
      "object": "parent_clock_s",
      "position": {"x": 310.2, "y": 143.21, "z": 4.39},
      "rotation": {"x": 0, "y": 0, "z": 0},
      "scale": {"x": 1.0, "y": 1.0, "z": 1.0},
      "data": 0,
      "spawnFlag": null,
      "variant": 0,
      "flags": ["spawn", "interact"],
      "script": null
    },
    {
      "id": 92,
      "object": "parent_clock_f",
      "position": {"x": 322.13, "y": 127.53, "z": 4.39},
      "rotation": {"x": 0, "y": 0, "z": 0},
      "scale": {"x": 1.0, "y": 1.0, "z": 1.0},
      "data": 0,
      "spawnFlag": null,
      "variant": 0,
      "flags": ["spawn", "interact"],
      "script": null
    },
    {
      "id": 93,
      "object": "parent_clock_cuckoo",
      "position": {"x": 327.29, "y": 152.82, "z": 4.39},
      "rotation": {"x": 0, "y": 0, "z": 0},
      "scale": {"x": 1.0, "y": 1.0, "z": 1.0},
      "data": 0,
      "spawnFlag": null,
      "variant": 0,
      "flags": ["spawn", "climb", "clamber", "interact"],
      "script": null
    },
    {
      "id": 94,
      "object": "parent_partition_2",
      "position": {"x": 0.0, "y": 0.0, "z": 0.0},
      "rotation": {"x": 0, "y": 0, "z": 0},
      "scale": {"x": 1.0, "y": 1.0, "z": 1.0},
      "data": 0,
      "spawnFlag": null,
      "variant": 0,
      "flags": ["spawn", "climb", "clamber", "interact"],
      "script": null
    },
    {
      "id": 95,
      "object": "parent_partition_3",
      "position": {"x": 322.13, "y": 221.84, "z": 4.39},
      "rotation": {"x": 0, "y": 0, "z": 0},
      "scale": {"x": 1.0, "y": 1.0, "z": 1.0},
      "data": 0,
      "spawnFlag": null,
      "variant": 0,
      "flags": ["spawn", "interact"],
      "script": null
    },
    {
      "id": 96,
      "object": "parent_pole_8",
      "position": {"x": -167.3, "y": 335.99, "z": 42.11},
      "rotation": {"x": 0, "y": 0, "z": 0},
      "scale": {"x": 1.0, "y": 1.0, "z": 1.0},
      "data": 0,
      "spawnFlag": null,
      "variant": 0,
      "flags": ["interact"],
      "script": null
    },
    {
      "id": 97,
      "object": "parent_pole_8",
      "position": {"x": 162.78, "y": 335.99, "z": 44.31},
      "rotation": {"x": 0, "y": 0, "z": 0},
      "scale": {"x": 1.0, "y": 1.0, "z": 1.0},
      "data": 0,
      "spawnFlag": null,
      "variant": 0,
      "flags": ["interact"],
      "script": null
    },
    {
      "id": 98,
      "object": "living_flower_kazari_1",
      "position": {"x": 22.57, "y": 0.0, "z": -332.32},
      "rotation": {"x": 0, "y": 0, "z": 0},
      "scale": {"x": 1.0, "y": 1.0, "z": 1.0},
      "data": 0,
      "spawnFlag": null,
      "variant": 0,
      "flags": ["interact"],
      "script": null
    },
    {
      "id": 99,
      "object": "living_flower_kazari_2",
      "position": {"x": 14.39, "y": 0.0, "z": -314.54},
      "rotation": {"x": 0, "y": 0, "z": 0},
      "scale": {"x": 1.0, "y": 1.0, "z": 1.0},
      "data": 0,
      "spawnFlag": null,
      "variant": 0,
      "flags": ["interact"],
      "script": null
    },
    {
      "id": 100,
      "object": "living_flower_kazari_3",
      "position": {"x": 21.0, "y": 0.0, "z": -302.78},
      "rotation": {"x": 0, "y": 0, "z": 0},
      "scale": {"x": 1.0, "y": 1.0, "z": 1.0},
      "data": 0,
      "spawnFlag": null,
      "variant": 0,
      "flags": ["interact"],
      "script": null
    },
    {
      "id": 101,
      "object": "living_sky",
      "position": {"x": 0.0, "y": -300.0, "z": 0.0},
      "rotation": {"x": 0, "y": 0, "z": 0},
      "scale": {"x": 1.0, "y": 1.0, "z": 1.0},
      "data": 0,
      "spawnFlag": null,
      "variant": 0,
      "flags": ["spawn", "interact"],
      "script": null
    },
    {
      "id": 102,
      "object": "parent_bg_01",
      "position": {"x": 0.0, "y": 0.0, "z": 0.0},
      "rotation": {"x": 0, "y": 0, "z": 0},
      "scale": {"x": 1.0, "y": 1.0, "z": 1.0},
      "data": 0,
      "spawnFlag": null,
      "variant": 0,
      "flags": ["spawn", "interact"],
      "script": null
    },
    {
      "id": 103,
      "object": "parent_welding_toolbox",
      "position": {"x": 69.92, "y": 286.78, "z": 273.59},
      "rotation": {"x": 0, "y": 0, "z": 0},
      "scale": {"x": 1.0, "y": 1.0, "z": 1.0},
      "data": 0,
      "spawnFlag": null,
      "variant": 0,
      "flags": ["spawn", "interact"],
      "script": null
    },
    {
      "id": 104,
      "object": "parent_papa_toybox",
      "position": {"x": 169.06, "y": 220.44, "z": 250.01},
      "rotation": {"x": 0, "y": 29, "z": 0},
      "scale": {"x": 1.0, "y": 1.0, "z": 1.0},
      "data": 0,
      "spawnFlag": null,
      "variant": 0,
      "flags": ["spawn", "interact"],
      "script": null
    },
    {
      "id": 105,
      "object": "parent_papa_toybox_2",
      "position": {"x": 42.55, "y": 220.44, "z": 219.77},
      "rotation": {"x": 0, "y": -19, "z": 0},
      "scale": {"x": 1.0, "y": 1.0, "z": 1.0},
      "data": 0,
      "spawnFlag": null,
      "variant": 0,
      "flags": ["spawn", "interact"],
      "script": null
    },
    {
      "id": 106,
      "object": "parent_pole_5",
      "position": {"x": 223.73, "y": 198.88, "z": 271.32},
      "rotation": {"x": 0, "y": -180, "z": 0},
      "scale": {"x": 1.0, "y": 1.0, "z": 1.0},
      "data": 0,
      "spawnFlag": null,
      "variant": 0,
      "flags": ["spawn", "interact"],
      "script": null
    },
    {
      "id": 107,
      "object": "parent_dresser",
      "position": {"x": 127.19, "y": 0.0, "z": 290.6},
      "rotation": {"x": 0, "y": 0, "z": 0},
      "scale": {"x": 1.0, "y": 1.0, "z": 1.0},
      "data": 0,
      "spawnFlag": null,
      "variant": 0,
      "flags": ["spawn", "interact"],
      "script": null
    },
    {
      "id": 108,
      "object": "parent_chest",
      "position": {"x": 50.85, "y": 0.0, "z": 268.99},
      "rotation": {"x": 0, "y": 0, "z": 0},
      "scale": {"x": 1.0, "y": 1.0, "z": 1.0},
      "data": 0,
      "spawnFlag": null,
      "variant": 0,
      "flags": ["spawn", "interact"],
      "script": null
    },
    {
      "id": 109,
      "object": "parent_chest_2",
      "position": {"x": 189.23, "y": 0.0, "z": 268.99},
      "rotation": {"x": 0, "y": 0, "z": 0},
      "scale": {"x": 1.0, "y": 1.0, "z": 1.0},
      "data": 0,
      "spawnFlag": null,
      "variant": 0,
      "flags": ["spawn", "interact"],
      "script": null
    },
    {
      "id": 110,
      "object": "parent_closet_2",
      "position": {"x": 260.76, "y": 0.0, "z": 258.34},
      "rotation": {"x": 0, "y": 0, "z": 0},
      "scale": {"x": 1.0, "y": 1.0, "z": 1.0},
      "data": 0,
      "spawnFlag": null,
      "variant": 0,
      "flags": ["spawn", "interact"],
      "script": null
    },
    {
      "id": 111,
      "object": "parent_pole_7",
      "position": {"x": 188.59, "y": 3.65, "z": 266.19},
      "rotation": {"x": 0, "y": 0, "z": 0},
      "scale": {"x": 1.0, "y": 1.0, "z": 1.0},
      "data": 0,
      "spawnFlag": null,
      "variant": 0,
      "flags": ["spawn", "interact"],
      "script": null
    },
    {
      "id": 112,
      "object": "parent_pole_7",
      "position": {"x": 188.59, "y": 23.65, "z": 266.19},
      "rotation": {"x": 0, "y": 0, "z": 0},
      "scale": {"x": 1.0, "y": 1.0, "z": 1.0},
      "data": 0,
      "spawnFlag": null,
      "variant": 0,
      "flags": ["spawn", "interact"],
      "script": null
    },
    {
      "id": 113,
      "object": "parent_pole_7",
      "position": {"x": 188.69, "y": 43.65, "z": 266.19},
      "rotation": {"x": 0, "y": 0, "z": 0},
      "scale": {"x": 1.0, "y": 1.0, "z": 1.0},
      "data": 0,
      "spawnFlag": null,
      "variant": 0,
      "flags": ["spawn", "interact"],
      "script": null
    },
    {
      "id": 114,
      "object": "parent_ladder",
      "position": {"x": 252.48, "y": 0.0, "z": 139.14},
      "rotation": {"x": 5, "y": 0, "z": 0},
      "scale": {"x": 1.0, "y": 1.0, "z": 1.0},
      "data": 0,
      "spawnFlag": null,
      "variant": 0,
      "flags": ["spawn", "interact"],
      "script": null
    },
    {
      "id": 115,
      "object": "parent_recplayer_cable",
      "position": {"x": -166.36, "y": 107.69, "z": -255.77},
      "rotation": {"x": 0, "y": 0, "z": 0},
      "scale": {"x": 1.0, "y": 1.0, "z": 1.0},
      "data": 0,
      "spawnFlag": null,
      "variant": 0,
      "flags": ["spawn", "interact"],
      "script": null
    },
    {
      "id": 116,
      "object": "fx_warpzone",
      "position": {"x": 233.29, "y": 15.0, "z": 88.43},
      "rotation": {"x": 0, "y": 0, "z": 0},
      "scale": {"x": 1.0, "y": 1.0, "z": 1.0},
      "data": 0,
      "spawnFlag": null,
      "variant": 0,
      "flags": ["spawn", "touch"],
      "script": 91
    },
    {
      "id": 117,
      "object": "item_kairozu",
      "position": {"x": -26.38, "y": 0.0, "z": 195.21},
      "rotation": {"x": 0, "y": 0, "z": 0},
      "scale": {"x": 1.0, "y": 1.0, "z": 1.0},
      "data": 0,
      "spawnFlag": 1,
      "variant": 0,
      "flags": ["spawn", "flash", "lowpri", "cull", "lift", "interact"],
      "script": 97
    },
    {
      "id": 118,
      "object": "npc_hock",
      "position": {"x": 52.05, "y": 0.0, "z": -41.92},
      "rotation": {"x": 0, "y": 180, "z": 0},
      "scale": {"x": 0.5, "y": 0.5, "z": 0.5},
      "data": 0,
      "spawnFlag": null,
      "variant": 0,
      "flags": ["interact"],
      "script": null
    },
    {
      "id": 119,
      "object": "coin_g",
      "position": {"x": 9.64, "y": 33.09, "z": -54.41},
      "rotation": {"x": 0, "y": 28, "z": 0},
      "scale": {"x": 1.0, "y": 1.0, "z": 1.0},
      "data": 0,
      "spawnFlag": null,
      "variant": 0,
      "flags": ["spawn", "interact"],
      "script": null
    },
    {
      "id": 120,
      "object": "npc_deca_robo_2",
      "position": {"x": -180.24, "y": 29.8, "z": -39.11},
      "rotation": {"x": 0, "y": 0, "z": 0},
      "scale": {"x": 1.0, "y": 1.0, "z": 1.0},
      "data": 0,
      "spawnFlag": null,
      "variant": 0,
      "flags": ["spawn", "interact"],
      "script": 98
    },
    {
      "id": 121,
      "object": "ufo_time_mc",
      "position": {"x": 230.06, "y": 0.0, "z": 87.04},
      "rotation": {"x": 0, "y": -90, "z": 0},
      "scale": {"x": 0.8, "y": 0.8, "z": 0.8},
      "data": 0,
      "spawnFlag": null,
      "variant": 0,
      "flags": ["spawn", "opaque", "interact"],
      "script": null
    },
    {
      "id": 122,
      "object": "ufo_warp",
      "position": {"x": 230.06, "y": 90.0, "z": 87.04},
      "rotation": {"x": 0, "y": -90, "z": 0},
      "scale": {"x": 0.05, "y": 0.05, "z": 0.05},
      "data": 0,
      "spawnFlag": null,
      "variant": 0,
      "flags": ["spawn", "interact"],
      "script": null
    },
    {
      "id": 123,
      "object": "npc_tao_s",
      "position": {"x": -56.34, "y": 0.0, "z": 35.72},
      "rotation": {"x": 0, "y": 0, "z": 0},
      "scale": {"x": 0.46, "y": 0.46, "z": 0.46},
      "data": 0,
      "spawnFlag": null,
      "variant": 0,
      "flags": ["spawn", "lowpri", "interact"],
      "script": 101
    },
    {
      "id": 124,
      "object": "living_tao_dish",
      "position": {"x": -278.67, "y": 0.0, "z": 265.43},
      "rotation": {"x": 0, "y": 0, "z": 0},
      "scale": {"x": 1.0, "y": 1.0, "z": 1.0},
      "data": 0,
      "spawnFlag": null,
      "variant": 0,
      "flags": ["spawn", "interact"],
      "script": 111
    },
    {
      "id": 125,
      "object": "item_snack_bone",
      "position": {"x": -278.75, "y": 0.0, "z": 265.32},
      "rotation": {"x": 0, "y": -21, "z": 0},
      "scale": {"x": 1.0, "y": 1.0, "z": 1.0},
      "data": 0,
      "spawnFlag": 2,
      "variant": 0,
      "flags": ["flash", "interact"],
      "script": null
    },
    {
      "id": 126,
      "object": "parent_stpole",
      "position": {"x": -5.43, "y": 0.0, "z": 205.55},
      "rotation": {"x": 0, "y": 0, "z": 0},
      "scale": {"x": 1.0, "y": 1.0, "z": 1.0},
      "data": 0,
      "spawnFlag": null,
      "variant": 0,
      "flags": ["spawn", "climb", "clamber", "interact"],
      "script": null
    },
    {
      "id": 127,
      "object": "parent_stpole_2",
      "position": {"x": -182.2, "y": 0.0, "z": -40.49},
      "rotation": {"x": 0, "y": 0, "z": 0},
      "scale": {"x": 1.0, "y": 1.0, "z": 1.0},
      "data": 0,
      "spawnFlag": null,
      "variant": 0,
      "flags": ["spawn", "interact"],
      "script": null
    },
    {
      "id": 128,
      "object": "parent_pole_3",
      "position": {"x": 304.69, "y": 4.21, "z": 295.12},
      "rotation": {"x": 0, "y": 0, "z": 0},
      "scale": {"x": 1.0, "y": 1.0, "z": 1.0},
      "data": 0,
      "spawnFlag": null,
      "variant": 0,
      "flags": ["spawn", "interact"],
      "script": null
    },
    {
      "id": 129,
      "object": "parent_pole_6",
      "position": {"x": 0.05, "y": -0.75, "z": -0.49},
      "rotation": {"x": 0, "y": 0, "z": 0},
      "scale": {"x": 1.0, "y": 1.0, "z": 1.0},
      "data": 0,
      "spawnFlag": null,
      "variant": 0,
      "flags": ["spawn", "interact"],
      "script": null
    },
    {
      "id": 130,
      "object": "parent_datu_tama",
      "position": {"x": -335.42, "y": 151.45, "z": -153.78},
      "rotation": {"x": 0, "y": 0, "z": 0},
      "scale": {"x": 1.0, "y": 1.0, "z": 1.0},
      "data": 0,
      "spawnFlag": null,
      "variant": 0,
      "flags": ["spawn", "interact"],
      "script": null
    }
  ]
}