{
  "objects": [
    {
      "id": 0,
      "object": "cb_robo",
      "position": {"x": 0.0, "y": 0.0, "z": 0.0},
      "rotation": {"x": 0, "y": 0, "z": 0},
      "scale": {"x": 1.0, "y": 1.0, "z": 1.0},
      "data": 0,
      "spawnFlag": null,
      "variant": 0,
      "flags": ["spawn", "interact"],
      "script": null
    },
    {
      "id": 1,
      "object": "ufo_map",
      "position": {"x": 0.0, "y": 0.0, "z": 0.0},
      "rotation": {"x": 0, "y": 0, "z": 0},
      "scale": {"x": 1.0, "y": 1.0, "z": 1.0},
      "data": 0,
      "spawnFlag": null,
      "variant": 0,
      "flags": ["spawn", "opaque", "interact"],
      "script": null
    },
    {
      "id": 2,
      "object": "ufo_wall",
      "position": {"x": 0.0, "y": 0.0, "z": 0.0},
      "rotation": {"x": 0, "y": 0, "z": 0},
      "scale": {"x": 1.0, "y": 1.0, "z": 1.0},
      "data": 0,
      "spawnFlag": null,
      "variant": 0,
      "flags": ["opaque", "interact"],
      "script": null
    },
    {
      "id": 3,
      "object": "npc_et_1",
      "position": {"x": 10.25, "y": 0.0, "z": 12.81},
      "rotation": {"x": 0, "y": -15, "z": 0},
      "scale": {"x": 0.9, "y": 0.9, "z": 0.9},
      "data": 0,
      "spawnFlag": null,
      "variant": 1,
      "flags": ["spawn", "interact", "projectile"],
      "script": 317
    },
    {
      "id": 4,
      "object": "npc_et_1",
      "position": {"x": -9.03, "y": 0.0, "z": -13.85},
      "rotation": {"x": 0, "y": 50, "z": 0},
      "scale": {"x": 1.8, "y": 1.2, "z": 1.8},
      "data": 0,
      "spawnFlag": null,
      "variant": 1,
      "flags": ["spawn", "interact", "projectile"],
      "script": 342
    },
    {
      "id": 5,
      "object": "npc_et_1",
      "position": {"x": -21.52, "y": 0.0, "z": 28.74},
      "rotation": {"x": 0, "y": 58, "z": 0},
      "scale": {"x": 0.6, "y": 1.4, "z": 0.6},
      "data": 0,
      "spawnFlag": null,
      "variant": 1,
      "flags": ["spawn", "interact", "projectile"],
      "script": 364
    },
    {
      "id": 6,
      "object": "npc_et_1",
      "position": {"x": 22.73, "y": 0.0, "z": -4.13},
      "rotation": {"x": 0, "y": 116, "z": 0},
      "scale": {"x": 0.6, "y": 0.4, "z": 0.6},
      "data": 0,
      "spawnFlag": null,
      "variant": 1,
      "flags": ["spawn", "interact", "projectile"],
      "script": 386
    },
    {
      "id": 7,
      "object": "fx_zact_gicco",
      "position": {"x": 0.0, "y": 0.0, "z": 0.0},
      "rotation": {"x": 0, "y": 0, "z": 0},
      "scale": {"x": 1.0, "y": 1.0, "z": 1.0},
      "data": 0,
      "spawnFlag": null,
      "variant": 0,
      "flags": [],
      "script": null
    },
    {
      "id": 8,
      "object": "fx_zact_tao",
      "position": {"x": 0.0, "y": 0.0, "z": 0.0},
      "rotation": {"x": 0, "y": 0, "z": 0},
      "scale": {"x": 1.0, "y": 1.0, "z": 1.0},
      "data": 0,
      "spawnFlag": null,
      "variant": 0,
      "flags": [],
      "script": null
    },
    {
      "id": 9,
      "object": "fx_zact_frog",
      "position": {"x": 0.0, "y": 0.0, "z": 0.0},
      "rotation": {"x": 0, "y": 0, "z": 0},
      "scale": {"x": 1.0, "y": 1.0, "z": 1.0},
      "data": 0,
      "spawnFlag": null,
      "variant": 0,
      "flags": [],
      "script": null
    },
    {
      "id": 10,
      "object": "fx_zact_injured",
      "position": {"x": 0.0, "y": 0.0, "z": 0.0},
      "rotation": {"x": 0, "y": 0, "z": 0},
      "scale": {"x": 1.0, "y": 1.0, "z": 1.0},
      "data": 0,
      "spawnFlag": null,
      "variant": 0,
      "flags": [],
      "script": null
    },
    {
      "id": 11,
      "object": "fx_zact_pajamas",
      "position": {"x": 0.0, "y": 0.0, "z": 0.0},
      "rotation": {"x": 0, "y": 0, "z": 0},
      "scale": {"x": 1.0, "y": 1.0, "z": 1.0},
      "data": 0,
      "spawnFlag": null,
      "variant": 0,
      "flags": [],
      "script": null
    },
    {
      "id": 12,
      "object": "fx_zact_pajamas",
      "position": {"x": 0.0, "y": 0.0, "z": 0.0},
      "rotation": {"x": 0, "y": 0, "z": 0},
      "scale": {"x": 1.0, "y": 1.0, "z": 1.0},
      "data": 0,
      "spawnFlag": null,
      "variant": 0,
      "flags": [],
      "script": null
    },
    {
      "id": 13,
      "object": "fx_zact_ghost",
      "position": {"x": 0.0, "y": 0.0, "z": 0.0},
      "rotation": {"x": 0, "y": 0, "z": 0},
      "scale": {"x": 1.0, "y": 1.0, "z": 1.0},
      "data": 0,
      "spawnFlag": null,
      "variant": 0,
      "flags": [],
      "script": null
    },
    {
      "id": 14,
      "object": "ufo_ball",
      "position": {"x": 0.0, "y": 50.0, "z": 0.0},
      "rotation": {"x": 0, "y": 45, "z": 0},
      "scale": {"x": 1.0, "y": 1.0, "z": 1.0},
      "data": 0,
      "spawnFlag": null,
      "variant": 0,
      "flags": ["spawn", "interact"],
      "script": null
    },
    {
      "id": 15,
      "object": "ufo_ball",
      "position": {"x": 0.0, "y": 50.0, "z": 0.0},
      "rotation": {"x": 0, "y": 135, "z": 0},
      "scale": {"x": 1.0, "y": 1.0, "z": 1.0},
      "data": 0,
      "spawnFlag": null,
      "variant": 0,
      "flags": ["spawn", "interact"],
      "script": null
    },
    {
      "id": 16,
      "object": "ufo_ball",
      "position": {"x": 0.0, "y": 50.0, "z": 0.0},
      "rotation": {"x": 0, "y": 225, "z": 0},
      "scale": {"x": 1.0, "y": 1.0, "z": 1.0},
      "data": 0,
      "spawnFlag": null,
      "variant": 0,
      "flags": ["spawn", "interact"],
      "script": null
    },
    {
      "id": 17,
      "object": "ufo_ball",
      "position": {"x": 0.0, "y": 50.0, "z": 0.0},
      "rotation": {"x": 0, "y": 315, "z": 0},
      "scale": {"x": 1.0, "y": 1.0, "z": 1.0},
      "data": 0,
      "spawnFlag": null,
      "variant": 0,
      "flags": ["spawn", "interact"],
      "script": null
    },
    {
      "id": 18,
      "object": "ufo_ball",
      "position": {"x": 0.0, "y": 50.0, "z": 0.0},
      "rotation": {"x": 180, "y": 0, "z": 0},
      "scale": {"x": 1.0, "y": 1.0, "z": 1.0},
      "data": 0,
      "spawnFlag": null,
      "variant": 0,
      "flags": ["spawn", "interact"],
      "script": null
    },
    {
      "id": 19,
      "object": "ufo_ball",
      "position": {"x": 0.0, "y": 50.0, "z": 0.0},
      "rotation": {"x": 180, "y": 90, "z": 0},
      "scale": {"x": 1.0, "y": 1.0, "z": 1.0},
      "data": 0,
      "spawnFlag": null,
      "variant": 0,
      "flags": ["spawn", "interact"],
      "script": null
    },
    {
      "id": 20,
      "object": "ufo_ball",
      "position": {"x": 0.0, "y": 50.0, "z": 0.0},
      "rotation": {"x": 180, "y": 180, "z": 0},
      "scale": {"x": 1.0, "y": 1.0, "z": 1.0},
      "data": 0,
      "spawnFlag": null,
      "variant": 0,
      "flags": ["spawn", "interact"],
      "script": null
    },
    {
      "id": 21,
      "object": "ufo_ball",
      "position": {"x": 0.0, "y": 50.0, "z": 0.0},
      "rotation": {"x": 180, "y": 270, "z": 0},
      "scale": {"x": 1.0, "y": 1.0, "z": 1.0},
      "data": 0,
      "spawnFlag": null,
      "variant": 0,
      "flags": ["spawn", "interact"],
      "script": null
    },
    {
      "id": 22,
      "object": "ufo_time_mc",
      "position": {"x": 0.0, "y": 30.0, "z": 0.0},
      "rotation": {"x": 0, "y": 0, "z": 0},
      "scale": {"x": 0.8, "y": 0.8, "z": 0.8},
      "data": 0,
      "spawnFlag": null,
      "variant": 0,
      "flags": ["opaque", "interact", "projectile"],
      "script": 408
    },
    {
      "id": 23,
      "object": "ufo_wall_2",
      "position": {"x": 0.0, "y": 0.0, "z": 0.0},
      "rotation": {"x": 0, "y": 0, "z": 0},
      "scale": {"x": 1.0, "y": 1.0, "z": 1.0},
      "data": 0,
      "spawnFlag": null,
      "variant": 0,
      "flags": [],
      "script": null
    },
    {
      "id": 24,
      "object": "npc_tonpy",
      "position": {"x": 0.0, "y": 11.0, "z": 44.02},
      "rotation": {"x": 0, "y": 180, "z": 0},
      "scale": {"x": 1.0, "y": 1.0, "z": 1.0},
      "data": 0,
      "spawnFlag": null,
      "variant": 1,
      "flags": ["opaque", "interact", "projectile"],
      "script": 425
    },
    {
      "id": 25,
      "object": "ufo_exit",
      "position": {"x": 0.0, "y": 0.0, "z": 0.0},
      "rotation": {"x": 0, "y": 0, "z": 0},
      "scale": {"x": 1.0, "y": 1.0, "z": 1.0},
      "data": 0,
      "spawnFlag": null,
      "variant": 0,
      "flags": ["spawn", "interact"],
      "script": null
    },
    {
      "id": 26,
      "object": "ufo_game_botan",
      "position": {"x": 0.0, "y": 0.0, "z": 0.0},
      "rotation": {"x": 0, "y": 0, "z": 0},
      "scale": {"x": 1.0, "y": 1.0, "z": 1.0},
      "data": 0,
      "spawnFlag": null,
      "variant": 0,
      "flags": ["spawn", "climb", "interact"],
      "script": null
    },
    {
      "id": 27,
      "object": "ufo_ground",
      "position": {"x": 0.0, "y": 0.05, "z": 0.0},
      "rotation": {"x": 0, "y": 0, "z": 0},
      "scale": {"x": 1.0, "y": 1.0, "z": 1.0},
      "data": 0,
      "spawnFlag": null,
      "variant": 0,
      "flags": ["interact"],
      "script": null
    },
    {
      "id": 28,
      "object": "ufo_ground_2",
      "position": {"x": 0.0, "y": 0.05, "z": 0.0},
      "rotation": {"x": 0, "y": 0, "z": 0},
      "scale": {"x": 1.0, "y": 1.0, "z": 1.0},
      "data": 0,
      "spawnFlag": null,
      "variant": 0,
      "flags": ["interact"],
      "script": null
    },
    {
      "id": 29,
      "object": "ufo_ground_3",
      "position": {"x": 0.0, "y": 0.05, "z": 0.0},
      "rotation": {"x": 0, "y": 0, "z": 0},
      "scale": {"x": 1.0, "y": 1.0, "z": 1.0},
      "data": 0,
      "spawnFlag": null,
      "variant": 0,
      "flags": ["interact"],
      "script": null
    },
    {
      "id": 30,
      "object": "ufo_ball_rot",
      "position": {"x": 0.0, "y": 60.0, "z": 0.0},
      "rotation": {"x": 0, "y": 0, "z": 0},
      "scale": {"x": 1.0, "y": 1.0, "z": 1.0},
      "data": 0,
      "spawnFlag": null,
      "variant": 0,
      "flags": ["spawn", "interact"],
      "script": null
    },
    {
      "id": 31,
      "object": "ufo_game_1",
      "position": {"x": 0.0, "y": 0.05, "z": 0.0},
      "rotation": {"x": 0, "y": 0, "z": 0},
      "scale": {"x": 0.8, "y": 1.0, "z": 0.8},
      "data": 0,
      "spawnFlag": null,
      "variant": 0,
      "flags": ["spawn", "interact"],
      "script": null
    },
    {
      "id": 32,
      "object": "ufo_game_1",
      "position": {"x": 0.0, "y": 0.05, "z": 0.0},
      "rotation": {"x": 0, "y": -180, "z": 0},
      "scale": {"x": 0.8, "y": 1.0, "z": 0.8},
      "data": 0,
      "spawnFlag": null,
      "variant": 0,
      "flags": ["spawn", "interact"],
      "script": null
    },
    {
      "id": 33,
      "object": "ufo_game_2",
      "position": {"x": 0.0, "y": 0.05, "z": 0.0},
      "rotation": {"x": 0, "y": -45, "z": 0},
      "scale": {"x": 0.8, "y": 1.0, "z": 0.8},
      "data": 0,
      "spawnFlag": null,
      "variant": 0,
      "flags": ["spawn", "interact"],
      "script": null
    },
    {
      "id": 34,
      "object": "ufo_game_2",
      "position": {"x": 0.0, "y": 0.05, "z": 0.0},
      "rotation": {"x": 0, "y": 135, "z": 0},
      "scale": {"x": 0.8, "y": 1.0, "z": 0.8},
      "data": 0,
      "spawnFlag": null,
      "variant": 0,
      "flags": ["spawn", "interact"],
      "script": null
    },
    {
      "id": 35,
      "object": "ufo_game_3",
      "position": {"x": 0.0, "y": 0.05, "z": 0.0},
      "rotation": {"x": 0, "y": -90, "z": 0},
      "scale": {"x": 0.8, "y": 1.0, "z": 0.8},
      "data": 0,
      "spawnFlag": null,
      "variant": 0,
      "flags": ["spawn", "interact"],
      "script": null
    },
    {
      "id": 36,
      "object": "ufo_game_3",
      "position": {"x": 0.0, "y": 0.05, "z": 0.0},
      "rotation": {"x": 0, "y": 90, "z": 0},
      "scale": {"x": 0.8, "y": 1.0, "z": 0.8},
      "data": 0,
      "spawnFlag": null,
      "variant": 0,
      "flags": ["spawn", "interact"],
      "script": null
    },
    {
      "id": 37,
      "object": "ufo_game_4",
      "position": {"x": 0.0, "y": 0.05, "z": 0.0},
      "rotation": {"x": 0, "y": -135, "z": 0},
      "scale": {"x": 0.8, "y": 1.0, "z": 0.8},
      "data": 0,
      "spawnFlag": null,
      "variant": 0,
      "flags": ["spawn", "interact"],
      "script": null
    },
    {
      "id": 38,
      "object": "ufo_game_4",
      "position": {"x": 0.0, "y": 0.05, "z": 0.0},
      "rotation": {"x": 0, "y": 45, "z": 0},
      "scale": {"x": 0.8, "y": 1.0, "z": 0.8},
      "data": 0,
      "spawnFlag": null,
      "variant": 0,
      "flags": ["spawn", "interact"],
      "script": null
    },
    {
      "id": 39,
      "object": "ufo_wall_3",
      "position": {"x": 0.0, "y": 0.0, "z": 0.0},
      "rotation": {"x": 0, "y": 0, "z": 0},
      "scale": {"x": 1.0, "y": 1.0, "z": 1.0},
      "data": 0,
      "spawnFlag": null,
      "variant": 0,
      "flags": ["interact"],
      "script": null
    },
    {
      "id": 40,
      "object": "ufo_game_p_1",
      "position": {"x": 0.0, "y": 0.05, "z": 0.0},
      "rotation": {"x": 0, "y": 0, "z": 0},
      "scale": {"x": 0.8, "y": 1.0, "z": 0.8},
      "data": 0,
      "spawnFlag": null,
      "variant": 0,
      "flags": ["spawn", "interact"],
      "script": null
    },
    {
      "id": 41,
      "object": "ufo_game_p_1",
      "position": {"x": 0.0, "y": 0.05, "z": 0.0},
      "rotation": {"x": 0, "y": 180, "z": 0},
      "scale": {"x": 0.8, "y": 1.0, "z": 0.8},
      "data": 0,
      "spawnFlag": null,
      "variant": 0,
      "flags": ["spawn", "interact"],
      "script": null
    },
    {
      "id": 42,
      "object": "ufo_game_p_2",
      "position": {"x": 0.0, "y": 0.05, "z": 0.0},
      "rotation": {"x": 0, "y": -45, "z": 0},
      "scale": {"x": 0.8, "y": 1.0, "z": 0.8},
      "data": 0,
      "spawnFlag": null,
      "variant": 0,
      "flags": ["spawn", "interact"],
      "script": null
    },
    {
      "id": 43,
      "object": "ufo_game_p_2",
      "position": {"x": 0.0, "y": 0.05, "z": 0.0},
      "rotation": {"x": 0, "y": 135, "z": 0},
      "scale": {"x": 0.8, "y": 1.0, "z": 0.8},
      "data": 0,
      "spawnFlag": null,
      "variant": 0,
      "flags": ["spawn", "interact"],
      "script": null
    },
    {
      "id": 44,
      "object": "ufo_game_p_3",
      "position": {"x": 0.0, "y": 0.05, "z": 0.0},
      "rotation": {"x": 0, "y": -90, "z": 0},
      "scale": {"x": 0.8, "y": 1.0, "z": 0.8},
      "data": 0,
      "spawnFlag": null,
      "variant": 0,
      "flags": ["spawn", "interact"],
      "script": null
    },
    {
      "id": 45,
      "object": "ufo_game_p_3",
      "position": {"x": 0.0, "y": 0.05, "z": 0.0},
      "rotation": {"x": 0, "y": 90, "z": 0},
      "scale": {"x": 0.8, "y": 1.0, "z": 0.8},
      "data": 0,
      "spawnFlag": null,
      "variant": 0,
      "flags": ["spawn", "interact"],
      "script": null
    },
    {
      "id": 46,
      "object": "ufo_game_p_4",
      "position": {"x": 0.0, "y": 0.05, "z": 0.0},
      "rotation": {"x": 0, "y": -135, "z": 0},
      "scale": {"x": 0.8, "y": 1.0, "z": 0.8},
      "data": 0,
      "spawnFlag": null,
      "variant": 0,
      "flags": ["spawn", "interact"],
      "script": null
    },
    {
      "id": 47,
      "object": "ufo_game_p_4",
      "position": {"x": 0.0, "y": 0.05, "z": 0.0},
      "rotation": {"x": 0, "y": 45, "z": 0},
      "scale": {"x": 0.8, "y": 1.0, "z": 0.8},
      "data": 0,
      "spawnFlag": null,
      "variant": 0,
      "flags": ["spawn", "interact"],
      "script": null
    },
    {
      "id": 48,
      "object": "ufo_game_botan_2",
      "position": {"x": 0.0, "y": 0.0, "z": 0.0},
      "rotation": {"x": 0, "y": 0, "z": 0},
      "scale": {"x": 1.0, "y": 1.0, "z": 1.0},
      "data": 0,
      "spawnFlag": null,
      "variant": 0,
      "flags": ["spawn", "interact"],
      "script": 430
    },
    {
      "id": 49,
      "object": "ufo_bed",
      "position": {"x": 0.0, "y": 0.0, "z": 0.0},
      "rotation": {"x": 0, "y": 45, "z": 0},
      "scale": {"x": 1.0, "y": 1.0, "z": 1.0},
      "data": 0,
      "spawnFlag": null,
      "variant": 0,
      "flags": ["spawn", "interact", "projectile"],
      "script": 434
    },
    {
      "id": 50,
      "object": "ufo_bed_4",
      "position": {"x": 0.0, "y": 0.0, "z": 0.0},
      "rotation": {"x": 0, "y": -45, "z": 0},
      "scale": {"x": 1.0, "y": 1.0, "z": 1.0},
      "data": 0,
      "spawnFlag": null,
      "variant": 0,
      "flags": ["spawn", "interact", "projectile"],
      "script": 437
    },
    {
      "id": 51,
      "object": "ufo_bed_2",
      "position": {"x": 0.0, "y": 0.0, "z": 0.0},
      "rotation": {"x": 0, "y": 15, "z": 0},
      "scale": {"x": 1.0, "y": 1.0, "z": 1.0},
      "data": 0,
      "spawnFlag": null,
      "variant": 0,
      "flags": ["spawn", "interact", "projectile"],
      "script": 440
    },
    {
      "id": 52,
      "object": "ufo_bed_3",
      "position": {"x": 0.0, "y": 0.0, "z": 0.0},
      "rotation": {"x": 0, "y": -15, "z": 0},
      "scale": {"x": 1.0, "y": 1.0, "z": 1.0},
      "data": 0,
      "spawnFlag": null,
      "variant": 0,
      "flags": ["spawn", "interact", "projectile"],
      "script": 443
    },
    {
      "id": 53,
      "object": "fx_warpzone",
      "position": {"x": 0.0, "y": 8.0, "z": -32.0},
      "rotation": {"x": 0, "y": 0, "z": 0},
      "scale": {"x": 1.0, "y": 1.0, "z": 1.0},
      "data": 0,
      "spawnFlag": null,
      "variant": 0,
      "flags": ["touch"],
      "script": 446
    },
    {
      "id": 54,
      "object": "fx_tm_barrier",
      "position": {"x": 0.0, "y": 0.0, "z": 0.0},
      "rotation": {"x": 0, "y": 0, "z": 0},
      "scale": {"x": 0.8, "y": 0.8, "z": 0.8},
      "data": 0,
      "spawnFlag": null,
      "variant": 0,
      "flags": ["interact", "projectile"],
      "script": 455
    },
    {
      "id": 55,
      "object": "fx_tm_barrier",
      "position": {"x": 1.0, "y": 0.0, "z": 1.0},
      "rotation": {"x": 0, "y": 0, "z": 0},
      "scale": {"x": 0.85, "y": 0.75, "z": 0.85},
      "data": 0,
      "spawnFlag": null,
      "variant": 0,
      "flags": ["interact", "projectile"],
      "script": 466
    },
    {
      "id": 56,
      "object": "fx_tm_barrier",
      "position": {"x": 2.0, "y": 0.0, "z": 2.0},
      "rotation": {"x": 0, "y": 0, "z": 0},
      "scale": {"x": 0.75, "y": 0.95, "z": 0.75},
      "data": 0,
      "spawnFlag": null,
      "variant": 0,
      "flags": ["interact", "projectile"],
      "script": 473
    },
    {
      "id": 57,
      "object": "fx_tm_barrier",
      "position": {"x": 3.0, "y": 0.0, "z": 3.0},
      "rotation": {"x": 0, "y": 0, "z": 0},
      "scale": {"x": 0.5, "y": 0.55, "z": 0.5},
      "data": 0,
      "spawnFlag": null,
      "variant": 0,
      "flags": ["interact", "projectile"],
      "script": 480
    },
    {
      "id": 58,
      "object": "fx_tm_barrier",
      "position": {"x": 4.0, "y": 0.0, "z": 4.0},
      "rotation": {"x": 0, "y": 45, "z": 0},
      "scale": {"x": 0.9, "y": 0.95, "z": 0.9},
      "data": 0,
      "spawnFlag": null,
      "variant": 0,
      "flags": ["interact", "projectile"],
      "script": 487
    },
    {
      "id": 59,
      "object": "fx_tm_barrier",
      "position": {"x": 0.0, "y": 0.0, "z": -30.0},
      "rotation": {"x": 0, "y": 0, "z": 0},
      "scale": {"x": 1.0, "y": 1.0, "z": 1.0},
      "data": 0,
      "spawnFlag": null,
      "variant": 0,
      "flags": ["interact", "projectile"],
      "script": 495
    },
    {
      "id": 60,
      "object": "fx_alien_01",
      "position": {"x": 0.0, "y": 0.0, "z": 0.0},
      "rotation": {"x": 0, "y": 0, "z": 0},
      "scale": {"x": 0.9, "y": 0.9, "z": 0.9},
      "data": 0,
      "spawnFlag": null,
      "variant": 0,
      "flags": [],
      "script": null
    },
    {
      "id": 61,
      "object": "fx_tm_unite",
      "position": {"x": 0.0, "y": 30.0, "z": 0.0},
      "rotation": {"x": 0, "y": 0, "z": 0},
      "scale": {"x": 1.0, "y": 1.0, "z": 1.0},
      "data": 0,
      "spawnFlag": null,
      "variant": 0,
      "flags": [],
      "script": null
    },
    {
      "id": 62,
      "object": "fx_tm_takeoff",
      "position": {"x": 0.0, "y": 0.0, "z": 0.0},
      "rotation": {"x": 0, "y": 0, "z": 0},
      "scale": {"x": 1.0, "y": 1.0, "z": 1.0},
      "data": 0,
      "spawnFlag": null,
      "variant": 0,
      "flags": [],
      "script": null
    }
  ]
}