{
  "objects": [
    {
      "id": 0,
      "object": "cb_robo",
      "position": {"x": 68.31, "y": 0.0, "z": -46.03},
      "rotation": {"x": 0, "y": 0, "z": 0},
      "scale": {"x": 1.0, "y": 1.0, "z": 1.0},
      "data": 0,
      "spawnFlag": null,
      "variant": 0,
      "flags": ["spawn", "botcam", "interact"],
      "script": null
    },
    {
      "id": 1,
      "object": "souko_map",
      "position": {"x": 0.0, "y": 0.0, "z": 0.0},
      "rotation": {"x": 0, "y": 0, "z": 0},
      "scale": {"x": 1.0, "y": 1.0, "z": 1.0},
      "data": 0,
      "spawnFlag": null,
      "variant": 0,
      "flags": ["spawn", "interact"],
      "script": null
    },
    {
      "id": 2,
      "object": "souko_wall",
      "position": {"x": 0.0, "y": 0.0, "z": 0.0},
      "rotation": {"x": 0, "y": 0, "z": 0},
      "scale": {"x": 1.0, "y": 1.0, "z": 1.0},
      "data": 0,
      "spawnFlag": null,
      "variant": 0,
      "flags": ["spawn", "climb", "clamber", "interact"],
      "script": null
    },
    {
      "id": 3,
      "object": "npc_deca_robo",
      "position": {"x": 105.5, "y": 2.99, "z": -98.21},
      "rotation": {"x": 0, "y": -30, "z": 0},
      "scale": {"x": 1.0, "y": 1.0, "z": 1.0},
      "data": 0,
      "spawnFlag": null,
      "variant": 0,
      "flags": ["spawn", "interact", "projectile"],
      "script": null
    },
    {
      "id": 4,
      "object": "map_jump_box",
      "position": {"x": -159.61, "y": 189.53, "z": 111.83},
      "rotation": {"x": 0, "y": 0, "z": 0},
      "scale": {"x": 1.76, "y": 80.0, "z": 9.51},
      "data": 0,
      "spawnFlag": null,
      "variant": 0,
      "flags": ["spawn", "touch"],
      "script": 1102
    },
    {
      "id": 5,
      "object": "plug_start",
      "position": {"x": 80.9, "y": 0.0, "z": -89.8},
      "rotation": {"x": 0, "y": -73, "z": 0},
      "scale": {"x": 1.0, "y": 1.0, "z": 1.0},
      "data": 0,
      "spawnFlag": null,
      "variant": 0,
      "flags": ["spawn", "intangible", "interact"],
      "script": 1103
    },
    {
      "id": 6,
      "object": "item_deka_denchi",
      "position": {"x": 108.15, "y": 2.99, "z": -37.12},
      "rotation": {"x": 0, "y": -30, "z": 0},
      "scale": {"x": 1.0, "y": 1.0, "z": 1.0},
      "data": 0,
      "spawnFlag": 1,
      "variant": 0,
      "flags": ["flash", "lift", "interact"],
      "script": 1144
    },
    {
      "id": 7,
      "object": "npc_hock",
      "position": {"x": -9.62, "y": 0.0, "z": 30.82},
      "rotation": {"x": 0, "y": 90, "z": 0},
      "scale": {"x": 0.5, "y": 0.5, "z": 0.5},
      "data": 0,
      "spawnFlag": null,
      "variant": 0,
      "flags": ["spawn", "interact", "projectile"],
      "script": 696
    },
    {
      "id": 8,
      "object": "souko_kaidan",
      "position": {"x": -135.99, "y": 0.0, "z": 104.69},
      "rotation": {"x": 0, "y": 90, "z": 0},
      "scale": {"x": 1.0, "y": 1.0, "z": 1.0},
      "data": 20,
      "spawnFlag": null,
      "variant": 0,
      "flags": ["spawn", "climb", "clamber", "stairs", "interact"],
      "script": null
    },
    {
      "id": 9,
      "object": "souko_dc_dai",
      "position": {"x": 106.49, "y": 2.99, "z": -101.9},
      "rotation": {"x": 0, "y": 20, "z": 0},
      "scale": {"x": 1.0, "y": 1.0, "z": 1.0},
      "data": 0,
      "spawnFlag": null,
      "variant": 0,
      "flags": ["spawn", "climb", "clamber", "interact"],
      "script": null
    },
    {
      "id": 10,
      "object": "plug_start",
      "position": {"x": 122.64, "y": 0.0, "z": 71.07},
      "rotation": {"x": 0, "y": -90, "z": 0},
      "scale": {"x": 1.0, "y": 1.0, "z": 1.0},
      "data": 0,
      "spawnFlag": null,
      "variant": 0,
      "flags": ["spawn", "intangible", "interact"],
      "script": 1148
    },
    {
      "id": 11,
      "object": "npc_tonpy",
      "position": {"x": 58.11, "y": 11.0, "z": -182.69},
      "rotation": {"x": 0, "y": 0, "z": 0},
      "scale": {"x": 1.0, "y": 1.0, "z": 1.0},
      "data": 0,
      "spawnFlag": null,
      "variant": 1,
      "flags": ["opaque", "interact", "projectile"],
      "script": 1149
    },
    {
      "id": 12,
      "object": "chibi_house_denti_1",
      "position": {"x": 105.5, "y": 2.99, "z": -98.21},
      "rotation": {"x": 0, "y": -30, "z": 0},
      "scale": {"x": 1.0, "y": 1.0, "z": 1.0},
      "data": 0,
      "spawnFlag": null,
      "variant": 0,
      "flags": ["interact"],
      "script": null
    },
    {
      "id": 13,
      "object": "souko_hasira",
      "position": {"x": 0.0, "y": 0.0, "z": 0.0},
      "rotation": {"x": 0, "y": 0, "z": 0},
      "scale": {"x": 1.0, "y": 1.0, "z": 1.0},
      "data": 0,
      "spawnFlag": null,
      "variant": 0,
      "flags": ["spawn", "climb", "clamber", "interact"],
      "script": null
    },
    {
      "id": 14,
      "object": "souko_wine_bottle",
      "position": {"x": -107.7, "y": 3.59, "z": 112.55},
      "rotation": {"x": 0, "y": 140, "z": 0},
      "scale": {"x": 1.0, "y": 1.0, "z": 1.0},
      "data": 0,
      "spawnFlag": 2,
      "variant": 0,
      "flags": ["spawn", "flash", "cull", "lift", "interact"],
      "script": 1150
    },
    {
      "id": 15,
      "object": "souko_wine_bottle",
      "position": {"x": -42.46, "y": 3.59, "z": 79.56},
      "rotation": {"x": 0, "y": -23, "z": 0},
      "scale": {"x": 1.0, "y": 1.0, "z": 1.0},
      "data": 0,
      "spawnFlag": 3,
      "variant": 0,
      "flags": ["spawn", "flash", "cull", "lift", "interact"],
      "script": 1151
    },
    {
      "id": 16,
      "object": "doorroom",
      "position": {"x": -699.89, "y": 0.0, "z": 499.17},
      "rotation": {"x": 0, "y": 0, "z": 0},
      "scale": {"x": 1.0, "y": 1.0, "z": 1.0},
      "data": 0,
      "spawnFlag": null,
      "variant": 0,
      "flags": ["interact"],
      "script": null
    },
    {
      "id": 17,
      "object": "house_r_chibi_h_door_1",
      "position": {"x": 119.98, "y": 89.0, "z": 176.02},
      "rotation": {"x": 0, "y": 180, "z": 0},
      "scale": {"x": 1.0, "y": 1.0, "z": 1.0},
      "data": 0,
      "spawnFlag": null,
      "variant": 0,
      "flags": ["spawn", "opaque", "pushblock", "climb", "clamber", "interact"],
      "script": null
    },
    {
      "id": 18,
      "object": "house_r_chibi_h_door_1",
      "position": {"x": -134.31, "y": 173.49, "z": -52.8},
      "rotation": {"x": 0, "y": 90, "z": 0},
      "scale": {"x": 1.0, "y": 1.0, "z": 1.0},
      "data": 0,
      "spawnFlag": null,
      "variant": 0,
      "flags": ["spawn", "opaque", "pushblock", "climb", "clamber", "interact"],
      "script": null
    },
    {
      "id": 19,
      "object": "house_r_chibi_h_door_1",
      "position": {"x": 134.46, "y": 173.49, "z": 60.04},
      "rotation": {"x": 0, "y": -90, "z": 0},
      "scale": {"x": 1.0, "y": 1.0, "z": 1.0},
      "data": 0,
      "spawnFlag": null,
      "variant": 0,
      "flags": ["spawn", "opaque", "pushblock", "climb", "clamber", "interact"],
      "script": null
    },
    {
      "id": 20,
      "object": "house_r_chibi_h_door_1",
      "position": {"x": -179.17, "y": 88.9, "z": -59.79},
      "rotation": {"x": 0, "y": 90, "z": 0},
      "scale": {"x": 1.0, "y": 1.0, "z": 1.0},
      "data": 0,
      "spawnFlag": null,
      "variant": 0,
      "flags": ["opaque", "pushblock", "climb", "clamber", "interact"],
      "script": null
    },
    {
      "id": 21,
      "object": "plug_dokodakadoor",
      "position": {"x": 0.0, "y": 0.0, "z": 0.0},
      "rotation": {"x": 0, "y": 0, "z": 0},
      "scale": {"x": 0.3, "y": 1.0, "z": 0.4},
      "data": 0,
      "spawnFlag": null,
      "variant": 0,
      "flags": ["intangible", "interact"],
      "script": 1152
    },
    {
      "id": 22,
      "object": "plug_dokodakadoor",
      "position": {"x": 0.0, "y": 0.0, "z": 0.0},
      "rotation": {"x": 0, "y": 0, "z": 0},
      "scale": {"x": 0.3, "y": 1.0, "z": 0.4},
      "data": 0,
      "spawnFlag": null,
      "variant": 0,
      "flags": ["intangible", "interact"],
      "script": 1153
    },
    {
      "id": 23,
      "object": "plug_dokodakadoor",
      "position": {"x": 0.0, "y": 0.0, "z": 0.0},
      "rotation": {"x": 0, "y": 0, "z": 0},
      "scale": {"x": 0.3, "y": 1.0, "z": 0.4},
      "data": 0,
      "spawnFlag": null,
      "variant": 0,
      "flags": ["intangible", "interact"],
      "script": 1154
    },
    {
      "id": 24,
      "object": "plug_dokodakadoor",
      "position": {"x": 0.23, "y": 0.0, "z": 0.0},
      "rotation": {"x": 0, "y": 0, "z": 0},
      "scale": {"x": 0.3, "y": 1.0, "z": 0.4},
      "data": 0,
      "spawnFlag": null,
      "variant": 0,
      "flags": ["intangible", "interact"],
      "script": 1155
    },
    {
      "id": 25,
      "object": "socket",
      "position": {"x": 133.62, "y": 18.61, "z": 70.98},
      "rotation": {"x": 0, "y": -90, "z": 0},
      "scale": {"x": 1.0, "y": 1.0, "z": 1.0},
      "data": 0,
      "spawnFlag": null,
      "variant": 0,
      "flags": ["spawn", "opaque", "interact"],
      "script": null
    },
    {
      "id": 26,
      "object": "fx_deca_spark_01",
      "position": {"x": 105.5, "y": 2.99, "z": -98.21},
      "rotation": {"x": 0, "y": -30, "z": 0},
      "scale": {"x": 1.0, "y": 1.0, "z": 1.0},
      "data": 0,
      "spawnFlag": null,
      "variant": 0,
      "flags": ["interact"],
      "script": null
    },
    {
      "id": 27,
      "object": "fx_tomp_cry_01",
      "position": {"x": 0.0, "y": 0.0, "z": 0.0},
      "rotation": {"x": 0, "y": 0, "z": 0},
      "scale": {"x": 1.0, "y": 1.0, "z": 1.0},
      "data": 0,
      "spawnFlag": null,
      "variant": 0,
      "flags": ["interact"],
      "script": null
    },
    {
      "id": 28,
      "object": "yogore_water",
      "position": {"x": 67.97, "y": 0.1, "z": -78.81},
      "rotation": {"x": 0, "y": 0, "z": 0},
      "scale": {"x": 1.0, "y": 1.0, "z": 1.0},
      "data": 0,
      "spawnFlag": 1,
      "variant": 0,
      "flags": ["spawn", "pushthru", "atc"],
      "script": 1156
    },
    {
      "id": 29,
      "object": "yogore_water",
      "position": {"x": 67.43, "y": 0.1, "z": -76.73},
      "rotation": {"x": 0, "y": -60, "z": 0},
      "scale": {"x": 1.29, "y": 1.0, "z": 1.29},
      "data": 0,
      "spawnFlag": 2,
      "variant": 0,
      "flags": ["spawn", "pushthru", "atc"],
      "script": 1166
    },
    {
      "id": 30,
      "object": "yogore_water",
      "position": {"x": 68.91, "y": 0.1, "z": -83.14},
      "rotation": {"x": 0, "y": 69, "z": 0},
      "scale": {"x": 0.69, "y": 1.0, "z": 0.69},
      "data": 0,
      "spawnFlag": 3,
      "variant": 0,
      "flags": ["spawn", "pushthru", "atc"],
      "script": 1167
    },
    {
      "id": 31,
      "object": "yogore_water",
      "position": {"x": -57.8, "y": 173.69, "z": 60.09},
      "rotation": {"x": 0, "y": 40, "z": 0},
      "scale": {"x": 1.4, "y": 1.4, "z": 1.4},
      "data": 0,
      "spawnFlag": 4,
      "variant": 0,
      "flags": ["pushthru", "atc"],
      "script": 1168
    },
    {
      "id": 32,
      "object": "yogore_water",
      "position": {"x": -110.8, "y": 173.69, "z": -51.55},
      "rotation": {"x": 0, "y": 0, "z": 0},
      "scale": {"x": 0.99, "y": 0.99, "z": 0.99},
      "data": 0,
      "spawnFlag": 5,
      "variant": 0,
      "flags": ["pushthru", "atc"],
      "script": 1170
    },
    {
      "id": 33,
      "object": "fx_tomp_scare_01",
      "position": {"x": 0.0, "y": 0.0, "z": 0.0},
      "rotation": {"x": 0, "y": 0, "z": 0},
      "scale": {"x": 1.0, "y": 1.0, "z": 1.0},
      "data": 0,
      "spawnFlag": null,
      "variant": 0,
      "flags": ["interact"],
      "script": null
    },
    {
      "id": 34,
      "object": "house_r_chibi_h_warp",
      "position": {"x": 21.79, "y": 0.0, "z": 60.35},
      "rotation": {"x": 0, "y": -90, "z": 0},
      "scale": {"x": 1.0, "y": 1.0, "z": 1.0},
      "data": 0,
      "spawnFlag": null,
      "variant": 0,
      "flags": ["lowpri", "climb", "clamber", "interact", "projectile"],
      "script": 1171
    },
    {
      "id": 35,
      "object": "yogore_oil",
      "position": {"x": -83.53, "y": 0.01, "z": 104.69},
      "rotation": {"x": 0, "y": 0, "z": 0},
      "scale": {"x": 4.19, "y": 1.0, "z": 4.19},
      "data": 0,
      "spawnFlag": 6,
      "variant": 0,
      "flags": ["pushthru", "atc"],
      "script": 1172
    },
    {
      "id": 36,
      "object": "yogore_oil",
      "position": {"x": -90.8, "y": 0.01, "z": 94.31},
      "rotation": {"x": 0, "y": 0, "z": 0},
      "scale": {"x": 1.0, "y": 1.0, "z": 1.0},
      "data": 0,
      "spawnFlag": 7,
      "variant": 0,
      "flags": ["pushthru", "atc"],
      "script": 1174
    },
    {
      "id": 37,
      "object": "yogore_oil",
      "position": {"x": -55.85, "y": 0.01, "z": 101.29},
      "rotation": {"x": 0, "y": -70, "z": 0},
      "scale": {"x": 1.0, "y": 1.0, "z": 1.0},
      "data": 0,
      "spawnFlag": 8,
      "variant": 0,
      "flags": ["pushthru", "atc"],
      "script": 1175
    },
    {
      "id": 38,
      "object": "yogore_oil",
      "position": {"x": -25.25, "y": 0.01, "z": 88.49},
      "rotation": {"x": 0, "y": 161, "z": 0},
      "scale": {"x": 3.0, "y": 1.0, "z": 2.0},
      "data": 0,
      "spawnFlag": 9,
      "variant": 0,
      "flags": ["pushthru", "atc"],
      "script": 1176
    },
    {
      "id": 39,
      "object": "yogore_oil",
      "position": {"x": 85.62, "y": 0.01, "z": 66.67},
      "rotation": {"x": 0, "y": 0, "z": 0},
      "scale": {"x": 0.79, "y": 0.79, "z": 0.79},
      "data": 0,
      "spawnFlag": 10,
      "variant": 0,
      "flags": ["pushthru", "atc"],
      "script": 1177
    },
    {
      "id": 40,
      "object": "yogore_oil",
      "position": {"x": 78.21, "y": 0.01, "z": 61.97},
      "rotation": {"x": 0, "y": -100, "z": 0},
      "scale": {"x": 1.3, "y": 1.3, "z": 1.3},
      "data": 0,
      "spawnFlag": 11,
      "variant": 0,
      "flags": ["pushthru", "atc"],
      "script": 1178
    },
    {
      "id": 41,
      "object": "yogore_oil",
      "position": {"x": -113.87, "y": 59.2, "z": -50.98},
      "rotation": {"x": 0, "y": -15, "z": 0},
      "scale": {"x": 1.0, "y": 1.0, "z": 1.0},
      "data": 0,
      "spawnFlag": 12,
      "variant": 0,
      "flags": ["pushthru", "atc"],
      "script": 1179
    },
    {
      "id": 42,
      "object": "yogore_oil",
      "position": {"x": -118.25, "y": 59.2, "z": -59.7},
      "rotation": {"x": 0, "y": 42, "z": 0},
      "scale": {"x": 0.69, "y": 1.0, "z": 0.69},
      "data": 0,
      "spawnFlag": 13,
      "variant": 0,
      "flags": ["pushthru", "atc"],
      "script": 1180
    },
    {
      "id": 43,
      "object": "test_dust_1",
      "position": {"x": 116.15, "y": 0.09, "z": 10.65},
      "rotation": {"x": 0, "y": -30, "z": 0},
      "scale": {"x": 2.0, "y": 1.0, "z": 2.0},
      "data": 0,
      "spawnFlag": 14,
      "variant": 0,
      "flags": ["pushthru", "atc"],
      "script": 1181
    },
    {
      "id": 44,
      "object": "test_dust_1",
      "position": {"x": 121.37, "y": 0.09, "z": 26.9},
      "rotation": {"x": 0, "y": 0, "z": 0},
      "scale": {"x": 1.0, "y": 1.0, "z": 1.0},
      "data": 0,
      "spawnFlag": 15,
      "variant": 0,
      "flags": ["pushthru", "atc"],
      "script": 1183
    },
    {
      "id": 45,
      "object": "test_dust_1",
      "position": {"x": 114.79, "y": 0.09, "z": -0.78},
      "rotation": {"x": 0, "y": 15, "z": 0},
      "scale": {"x": 1.0, "y": 1.0, "z": 1.0},
      "data": 0,
      "spawnFlag": 16,
      "variant": 0,
      "flags": ["pushthru", "atc"],
      "script": 1184
    },
    {
      "id": 46,
      "object": "test_dust_1",
      "position": {"x": 28.48, "y": 1.0, "z": -65.15},
      "rotation": {"x": 0, "y": -135, "z": 0},
      "scale": {"x": 1.0, "y": 1.0, "z": 1.0},
      "data": 0,
      "spawnFlag": 17,
      "variant": 0,
      "flags": ["pushthru", "atc"],
      "script": 1185
    },
    {
      "id": 47,
      "object": "test_dust_1",
      "position": {"x": 18.83, "y": 1.0, "z": -63.29},
      "rotation": {"x": 0, "y": 0, "z": 0},
      "scale": {"x": 1.0, "y": 1.0, "z": 1.0},
      "data": 0,
      "spawnFlag": 18,
      "variant": 0,
      "flags": ["pushthru", "atc"],
      "script": 1186
    },
    {
      "id": 48,
      "object": "test_dust_1",
      "position": {"x": 25.71, "y": 1.0, "z": -57.51},
      "rotation": {"x": 0, "y": 37, "z": 0},
      "scale": {"x": 1.0, "y": 1.0, "z": 1.0},
      "data": 0,
      "spawnFlag": 19,
      "variant": 0,
      "flags": ["pushthru", "atc"],
      "script": 1187
    },
    {
      "id": 49,
      "object": "test_dust_1",
      "position": {"x": 96.55, "y": 1.0, "z": 103.31},
      "rotation": {"x": 0, "y": 120, "z": 0},
      "scale": {"x": 1.0, "y": 1.0, "z": 1.0},
      "data": 0,
      "spawnFlag": 20,
      "variant": 0,
      "flags": ["pushthru", "atc"],
      "script": 1188
    },
    {
      "id": 50,
      "object": "test_dust_1",
      "position": {"x": 60.52, "y": 0.09, "z": -126.79},
      "rotation": {"x": 0, "y": -130, "z": 0},
      "scale": {"x": 1.0, "y": 1.0, "z": 1.0},
      "data": 0,
      "spawnFlag": 21,
      "variant": 0,
      "flags": ["pushthru", "atc"],
      "script": 1189
    },
    {
      "id": 51,
      "object": "test_dust_1",
      "position": {"x": -66.48, "y": 0.09, "z": -36.52},
      "rotation": {"x": 0, "y": -20, "z": 0},
      "scale": {"x": 1.0, "y": 1.0, "z": 1.0},
      "data": 0,
      "spawnFlag": 22,
      "variant": 0,
      "flags": ["pushthru", "atc"],
      "script": 1190
    },
    {
      "id": 52,
      "object": "test_dust_1",
      "position": {"x": -57.39, "y": 0.09, "z": -41.99},
      "rotation": {"x": 0, "y": 0, "z": 0},
      "scale": {"x": 1.0, "y": 1.0, "z": 1.5},
      "data": 0,
      "spawnFlag": 23,
      "variant": 0,
      "flags": ["pushthru", "atc"],
      "script": 1191
    },
    {
      "id": 53,
      "object": "test_dust_1",
      "position": {"x": -48.19, "y": 0.09, "z": -39.18},
      "rotation": {"x": 0, "y": 55, "z": 0},
      "scale": {"x": 1.0, "y": 1.0, "z": 1.0},
      "data": 0,
      "spawnFlag": 24,
      "variant": 0,
      "flags": ["pushthru", "atc"],
      "script": 1192
    },
    {
      "id": 54,
      "object": "test_dust_1",
      "position": {"x": -50.63, "y": 0.09, "z": -47.36},
      "rotation": {"x": 0, "y": 0, "z": 0},
      "scale": {"x": 1.0, "y": 1.0, "z": 1.0},
      "data": 0,
      "spawnFlag": 25,
      "variant": 0,
      "flags": ["pushthru", "atc"],
      "script": 1193
    },
    {
      "id": 55,
      "object": "test_dust_1",
      "position": {"x": 93.13, "y": 0.09, "z": 92.61},
      "rotation": {"x": 0, "y": -13, "z": 0},
      "scale": {"x": 1.0, "y": 1.0, "z": 1.0},
      "data": 0,
      "spawnFlag": 26,
      "variant": 0,
      "flags": ["pushthru", "atc"],
      "script": 1194
    },
    {
      "id": 56,
      "object": "item_kami_kuzu",
      "position": {"x": -89.29, "y": 0.0, "z": -51.66},
      "rotation": {"x": 0, "y": 0, "z": 0},
      "scale": {"x": 1.0, "y": 1.0, "z": 1.0},
      "data": 0,
      "spawnFlag": 4,
      "variant": 0,
      "flags": ["spawn", "flash", "cull", "lift", "interact"],
      "script": 1195
    },
    {
      "id": 57,
      "object": "item_kami_kuzu",
      "position": {"x": -29.36, "y": 0.0, "z": 75.61},
      "rotation": {"x": 0, "y": 0, "z": 0},
      "scale": {"x": 1.0, "y": 1.0, "z": 1.0},
      "data": 0,
      "spawnFlag": 5,
      "variant": 0,
      "flags": ["spawn", "flash", "cull", "lift", "interact"],
      "script": 1196
    },
    {
      "id": 58,
      "object": "item_kami_kuzu",
      "position": {"x": -36.18, "y": 79.08, "z": 109.49},
      "rotation": {"x": 0, "y": 0, "z": 0},
      "scale": {"x": 1.0, "y": 1.0, "z": 1.0},
      "data": 0,
      "spawnFlag": 6,
      "variant": 0,
      "flags": ["spawn", "flash", "cull", "lift", "interact"],
      "script": 1197
    },
    {
      "id": 59,
      "object": "item_kami_kuzu",
      "position": {"x": -47.82, "y": 95.2, "z": -93.88},
      "rotation": {"x": 0, "y": 0, "z": 0},
      "scale": {"x": 1.0, "y": 1.0, "z": 1.0},
      "data": 0,
      "spawnFlag": 7,
      "variant": 0,
      "flags": ["spawn", "flash", "cull", "lift", "interact"],
      "script": 1198
    },
    {
      "id": 60,
      "object": "coin_g",
      "position": {"x": -700.15, "y": 0.0, "z": 499.1},
      "rotation": {"x": 0, "y": 0, "z": 0},
      "scale": {"x": 1.0, "y": 1.0, "z": 1.0},
      "data": 0,
      "spawnFlag": 1,
      "variant": 0,
      "flags": ["interact"],
      "script": null
    },
    {
      "id": 61,
      "object": "coin_g",
      "position": {"x": -706.55, "y": 0.0, "z": 493.5},
      "rotation": {"x": 0, "y": 0, "z": 0},
      "scale": {"x": 1.0, "y": 1.0, "z": 1.0},
      "data": 0,
      "spawnFlag": 2,
      "variant": 0,
      "flags": ["interact"],
      "script": null
    },
    {
      "id": 62,
      "object": "coin_g",
      "position": {"x": -693.05, "y": 0.0, "z": 493.45},
      "rotation": {"x": 0, "y": 0, "z": 0},
      "scale": {"x": 1.0, "y": 1.0, "z": 1.0},
      "data": 0,
      "spawnFlag": 3,
      "variant": 0,
      "flags": ["interact"],
      "script": null
    },
    {
      "id": 63,
      "object": "coin_g",
      "position": {"x": -706.85, "y": 0.0, "z": 504.8},
      "rotation": {"x": 0, "y": 0, "z": 0},
      "scale": {"x": 1.0, "y": 1.0, "z": 1.0},
      "data": 0,
      "spawnFlag": 4,
      "variant": 0,
      "flags": ["interact"],
      "script": null
    },
    {
      "id": 64,
      "object": "coin_g",
      "position": {"x": -693.05, "y": 0.0, "z": 504.9},
      "rotation": {"x": 0, "y": 0, "z": 0},
      "scale": {"x": 1.0, "y": 1.0, "z": 1.0},
      "data": 0,
      "spawnFlag": 5,
      "variant": 0,
      "flags": ["interact"],
      "script": null
    },
    {
      "id": 65,
      "object": "coin_s",
      "position": {"x": -700.15, "y": 0.0, "z": 499.1},
      "rotation": {"x": 0, "y": 0, "z": 0},
      "scale": {"x": 1.0, "y": 1.0, "z": 1.0},
      "data": 0,
      "spawnFlag": 6,
      "variant": 0,
      "flags": ["interact"],
      "script": null
    },
    {
      "id": 66,
      "object": "coin_s",
      "position": {"x": -706.55, "y": 0.0, "z": 493.5},
      "rotation": {"x": 0, "y": 0, "z": 0},
      "scale": {"x": 1.0, "y": 1.0, "z": 1.0},
      "data": 0,
      "spawnFlag": 7,
      "variant": 0,
      "flags": ["interact"],
      "script": null
    },
    {
      "id": 67,
      "object": "coin_s",
      "position": {"x": -693.05, "y": 0.0, "z": 493.5},
      "rotation": {"x": 0, "y": 0, "z": 0},
      "scale": {"x": 1.0, "y": 1.0, "z": 1.0},
      "data": 0,
      "spawnFlag": 8,
      "variant": 0,
      "flags": ["interact"],
      "script": null
    },
    {
      "id": 68,
      "object": "coin_s",
      "position": {"x": -706.85, "y": 0.0, "z": 504.8},
      "rotation": {"x": 0, "y": 0, "z": 0},
      "scale": {"x": 1.0, "y": 1.0, "z": 1.0},
      "data": 0,
      "spawnFlag": 9,
      "variant": 0,
      "flags": ["interact"],
      "script": null
    },
    {
      "id": 69,
      "object": "coin_s",
      "position": {"x": -693.05, "y": 0.0, "z": 504.9},
      "rotation": {"x": 0, "y": 0, "z": 0},
      "scale": {"x": 1.0, "y": 1.0, "z": 1.0},
      "data": 0,
      "spawnFlag": 10,
      "variant": 0,
      "flags": ["interact"],
      "script": null
    },
    {
      "id": 70,
      "object": "coin_s",
      "position": {"x": -700.15, "y": 0.0, "z": 499.1},
      "rotation": {"x": 0, "y": 0, "z": 0},
      "scale": {"x": 1.0, "y": 1.0, "z": 1.0},
      "data": 0,
      "spawnFlag": 11,
      "variant": 0,
      "flags": ["interact"],
      "script": null
    },
    {
      "id": 71,
      "object": "coin_s",
      "position": {"x": -706.55, "y": 0.0, "z": 493.5},
      "rotation": {"x": 0, "y": 0, "z": 0},
      "scale": {"x": 1.0, "y": 1.0, "z": 1.0},
      "data": 0,
      "spawnFlag": 12,
      "variant": 0,
      "flags": ["interact"],
      "script": null
    },
    {
      "id": 72,
      "object": "coin_s",
      "position": {"x": -693.05, "y": 0.0, "z": 493.45},
      "rotation": {"x": 0, "y": 0, "z": 0},
      "scale": {"x": 1.0, "y": 1.0, "z": 1.0},
      "data": 0,
      "spawnFlag": 13,
      "variant": 0,
      "flags": ["interact"],
      "script": null
    },
    {
      "id": 73,
      "object": "coin_s",
      "position": {"x": -706.85, "y": 0.0, "z": 504.7},
      "rotation": {"x": 0, "y": 0, "z": 0},
      "scale": {"x": 1.0, "y": 1.0, "z": 1.0},
      "data": 0,
      "spawnFlag": 14,
      "variant": 0,
      "flags": ["interact"],
      "script": null
    },
    {
      "id": 74,
      "object": "coin_s",
      "position": {"x": -693.05, "y": 0.0, "z": 504.9},
      "rotation": {"x": 0, "y": 0, "z": 0},
      "scale": {"x": 1.0, "y": 1.0, "z": 1.0},
      "data": 0,
      "spawnFlag": 15,
      "variant": 0,
      "flags": ["interact"],
      "script": null
    },
    {
      "id": 75,
      "object": "item_junk_a",
      "position": {"x": -700.15, "y": 0.0, "z": 499.1},
      "rotation": {"x": 0, "y": 0, "z": 0},
      "scale": {"x": 1.0, "y": 1.0, "z": 1.0},
      "data": 0,
      "spawnFlag": 16,
      "variant": 0,
      "flags": ["blastthru", "interact"],
      "script": null
    },
    {
      "id": 76,
      "object": "item_junk_a",
      "position": {"x": -700.15, "y": 0.0, "z": 499.1},
      "rotation": {"x": 0, "y": 0, "z": 0},
      "scale": {"x": 1.0, "y": 1.0, "z": 1.0},
      "data": 0,
      "spawnFlag": 17,
      "variant": 0,
      "flags": ["blastthru", "interact"],
      "script": null
    },
    {
      "id": 77,
      "object": "item_junk_a",
      "position": {"x": -700.15, "y": 0.0, "z": 499.1},
      "rotation": {"x": 0, "y": 0, "z": 0},
      "scale": {"x": 1.0, "y": 1.0, "z": 1.0},
      "data": 0,
      "spawnFlag": 18,
      "variant": 0,
      "flags": ["blastthru", "interact"],
      "script": null
    },
    {
      "id": 78,
      "object": "item_junk_b",
      "position": {"x": -700.15, "y": 0.0, "z": 499.1},
      "rotation": {"x": 0, "y": 0, "z": 0},
      "scale": {"x": 1.0, "y": 1.0, "z": 1.0},
      "data": 0,
      "spawnFlag": 19,
      "variant": 0,
      "flags": ["blastthru", "interact"],
      "script": null
    },
    {
      "id": 79,
      "object": "item_junk_b",
      "position": {"x": -706.55, "y": 0.0, "z": 493.5},
      "rotation": {"x": 0, "y": 0, "z": 0},
      "scale": {"x": 1.0, "y": 1.0, "z": 1.0},
      "data": 0,
      "spawnFlag": 20,
      "variant": 0,
      "flags": ["blastthru", "interact"],
      "script": null
    },
    {
      "id": 80,
      "object": "item_junk_b",
      "position": {"x": -693.05, "y": 0.0, "z": 493.45},
      "rotation": {"x": 0, "y": 0, "z": 0},
      "scale": {"x": 1.0, "y": 1.0, "z": 1.0},
      "data": 0,
      "spawnFlag": 21,
      "variant": 0,
      "flags": ["blastthru", "interact"],
      "script": null
    },
    {
      "id": 81,
      "object": "item_junk_b",
      "position": {"x": -706.85, "y": 0.0, "z": 504.8},
      "rotation": {"x": 0, "y": 0, "z": 0},
      "scale": {"x": 1.0, "y": 1.0, "z": 1.0},
      "data": 0,
      "spawnFlag": 22,
      "variant": 0,
      "flags": ["blastthru", "interact"],
      "script": null
    },
    {
      "id": 82,
      "object": "item_junk_b",
      "position": {"x": -693.05, "y": 0.0, "z": 504.9},
      "rotation": {"x": 0, "y": 0, "z": 0},
      "scale": {"x": 1.0, "y": 1.0, "z": 1.0},
      "data": 0,
      "spawnFlag": 23,
      "variant": 0,
      "flags": ["blastthru", "interact"],
      "script": null
    },
    {
      "id": 83,
      "object": "item_junk_c",
      "position": {"x": -700.15, "y": 0.0, "z": 499.1},
      "rotation": {"x": 0, "y": 0, "z": 0},
      "scale": {"x": 1.0, "y": 1.0, "z": 1.0},
      "data": 0,
      "spawnFlag": 24,
      "variant": 0,
      "flags": ["blastthru", "interact"],
      "script": null
    },
    {
      "id": 84,
      "object": "item_junk_c",
      "position": {"x": -706.55, "y": 0.0, "z": 493.5},
      "rotation": {"x": 0, "y": 0, "z": 0},
      "scale": {"x": 1.0, "y": 1.0, "z": 1.0},
      "data": 0,
      "spawnFlag": 25,
      "variant": 0,
      "flags": ["blastthru", "interact"],
      "script": null
    },
    {
      "id": 85,
      "object": "item_junk_c",
      "position": {"x": -693.05, "y": 0.0, "z": 493.45},
      "rotation": {"x": 0, "y": 0, "z": 0},
      "scale": {"x": 1.0, "y": 1.0, "z": 1.0},
      "data": 0,
      "spawnFlag": 26,
      "variant": 0,
      "flags": ["blastthru", "interact"],
      "script": null
    },
    {
      "id": 86,
      "object": "item_junk_c",
      "position": {"x": -706.85, "y": 0.0, "z": 504.8},
      "rotation": {"x": 0, "y": 0, "z": 0},
      "scale": {"x": 1.0, "y": 1.0, "z": 1.0},
      "data": 0,
      "spawnFlag": 27,
      "variant": 0,
      "flags": ["blastthru", "interact"],
      "script": null
    },
    {
      "id": 87,
      "object": "item_junk_c",
      "position": {"x": -693.05, "y": 0.0, "z": 504.9},
      "rotation": {"x": 0, "y": 0, "z": 0},
      "scale": {"x": 1.0, "y": 1.0, "z": 1.0},
      "data": 0,
      "spawnFlag": 28,
      "variant": 0,
      "flags": ["blastthru", "interact"],
      "script": null
    },
    {
      "id": 88,
      "object": "coin_g",
      "position": {"x": -700.15, "y": 0.0, "z": 499.1},
      "rotation": {"x": 0, "y": 0, "z": 0},
      "scale": {"x": 1.0, "y": 1.0, "z": 1.0},
      "data": 0,
      "spawnFlag": 29,
      "variant": 0,
      "flags": ["interact"],
      "script": null
    },
    {
      "id": 89,
      "object": "coin_g",
      "position": {"x": -706.55, "y": 0.0, "z": 493.5},
      "rotation": {"x": 0, "y": 0, "z": 0},
      "scale": {"x": 1.0, "y": 1.0, "z": 1.0},
      "data": 0,
      "spawnFlag": 30,
      "variant": 0,
      "flags": ["interact"],
      "script": null
    },
    {
      "id": 90,
      "object": "coin_g",
      "position": {"x": -693.05, "y": 0.0, "z": 493.45},
      "rotation": {"x": 0, "y": 0, "z": 0},
      "scale": {"x": 1.0, "y": 1.0, "z": 1.0},
      "data": 0,
      "spawnFlag": 31,
      "variant": 0,
      "flags": ["interact"],
      "script": null
    },
    {
      "id": 91,
      "object": "coin_g",
      "position": {"x": -706.85, "y": 0.0, "z": 504.8},
      "rotation": {"x": 0, "y": 0, "z": 0},
      "scale": {"x": 1.0, "y": 1.0, "z": 1.0},
      "data": 0,
      "spawnFlag": 32,
      "variant": 0,
      "flags": ["interact"],
      "script": null
    },
    {
      "id": 92,
      "object": "coin_g",
      "position": {"x": -693.05, "y": 0.0, "z": 504.9},
      "rotation": {"x": 0, "y": 0, "z": 0},
      "scale": {"x": 1.0, "y": 1.0, "z": 1.0},
      "data": 0,
      "spawnFlag": 33,
      "variant": 0,
      "flags": ["interact"],
      "script": null
    },
    {
      "id": 93,
      "object": "coin_g",
      "position": {"x": -60.08, "y": 0.3, "z": 31.22},
      "rotation": {"x": 0, "y": 0, "z": 0},
      "scale": {"x": 0.01, "y": 0.01, "z": 0.01},
      "data": 0,
      "spawnFlag": 34,
      "variant": 0,
      "flags": ["interact"],
      "script": null
    },
    {
      "id": 94,
      "object": "coin_g",
      "position": {"x": -60.28, "y": 0.3, "z": 39.55},
      "rotation": {"x": 0, "y": 0, "z": 0},
      "scale": {"x": 0.01, "y": 0.01, "z": 0.01},
      "data": 0,
      "spawnFlag": 35,
      "variant": 0,
      "flags": ["interact"],
      "script": null
    },
    {
      "id": 95,
      "object": "coin_g",
      "position": {"x": -59.86, "y": 0.3, "z": 21.99},
      "rotation": {"x": 0, "y": 0, "z": 0},
      "scale": {"x": 0.01, "y": 0.01, "z": 0.01},
      "data": 0,
      "spawnFlag": 36,
      "variant": 0,
      "flags": ["interact"],
      "script": null
    },
    {
      "id": 96,
      "object": "item_tonpy_i",
      "position": {"x": -700.15, "y": 0.0, "z": 499.1},
      "rotation": {"x": 0, "y": 0, "z": 0},
      "scale": {"x": 1.0, "y": 1.0, "z": 1.0},
      "data": 0,
      "spawnFlag": 8,
      "variant": 0,
      "flags": ["opaque", "flash", "lift", "interact"],
      "script": 1199
    },
    {
      "id": 97,
      "object": "item_tonpy_j",
      "position": {"x": -700.15, "y": 0.0, "z": 499.1},
      "rotation": {"x": 0, "y": 0, "z": 0},
      "scale": {"x": 1.0, "y": 1.0, "z": 1.0},
      "data": 0,
      "spawnFlag": 9,
      "variant": 0,
      "flags": ["opaque", "flash", "lift", "interact"],
      "script": 1200
    },
    {
      "id": 98,
      "object": "souko_wine_bottle_b",
      "position": {"x": -60.8, "y": 4.19, "z": 92.06},
      "rotation": {"x": 0, "y": -50, "z": 0},
      "scale": {"x": 1.0, "y": 1.0, "z": 1.0},
      "data": 0,
      "spawnFlag": 10,
      "variant": 0,
      "flags": ["spawn", "flash", "cull", "lift", "interact"],
      "script": 1201
    },
    {
      "id": 99,
      "object": "souko_wine_bottle_a",
      "position": {"x": -100.83, "y": 3.9, "z": 102.04},
      "rotation": {"x": 0, "y": 84, "z": 0},
      "scale": {"x": 1.0, "y": 1.0, "z": 1.0},
      "data": 0,
      "spawnFlag": 11,
      "variant": 0,
      "flags": ["spawn", "flash", "cull", "lift", "interact"],
      "script": 1202
    },
    {
      "id": 100,
      "object": "npc_sun_mida",
      "position": {"x": -75.32, "y": 0.0, "z": 31.48},
      "rotation": {"x": 0, "y": 90, "z": 0},
      "scale": {"x": 1.0, "y": 1.0, "z": 1.0},
      "data": 0,
      "spawnFlag": null,
      "variant": 0,
      "flags": ["opaque", "interact", "projectile"],
      "script": 890
    },
    {
      "id": 101,
      "object": "house_r_dream_1",
      "position": {"x": -699.89, "y": 0.0, "z": 499.17},
      "rotation": {"x": 0, "y": 0, "z": 0},
      "scale": {"x": 1.0, "y": 1.0, "z": 1.0},
      "data": 0,
      "spawnFlag": null,
      "variant": 0,
      "flags": ["interact"],
      "script": null
    },
    {
      "id": 102,
      "object": "npc_et_1",
      "position": {"x": 0.0, "y": 0.0, "z": 0.0},
      "rotation": {"x": 0, "y": 0, "z": 0},
      "scale": {"x": 0.9, "y": 0.9, "z": 0.9},
      "data": 0,
      "spawnFlag": null,
      "variant": 1,
      "flags": ["lowpri", "interact", "projectile"],
      "script": 840
    },
    {
      "id": 103,
      "object": "npc_et_1",
      "position": {"x": 0.0, "y": 0.0, "z": 0.0},
      "rotation": {"x": 0, "y": 0, "z": 0},
      "scale": {"x": 1.8, "y": 1.2, "z": 1.8},
      "data": 0,
      "spawnFlag": null,
      "variant": 1,
      "flags": ["lowpri", "interact", "projectile"],
      "script": 857
    },
    {
      "id": 104,
      "object": "npc_et_1",
      "position": {"x": 0.0, "y": 0.0, "z": 0.0},
      "rotation": {"x": 0, "y": 0, "z": 0},
      "scale": {"x": 0.6, "y": 1.4, "z": 0.6},
      "data": 0,
      "spawnFlag": null,
      "variant": 1,
      "flags": ["lowpri", "interact", "projectile"],
      "script": 870
    },
    {
      "id": 105,
      "object": "npc_et_1",
      "position": {"x": 0.0, "y": 0.0, "z": 0.0},
      "rotation": {"x": 0, "y": 0, "z": 0},
      "scale": {"x": 0.6, "y": 0.4, "z": 0.6},
      "data": 0,
      "spawnFlag": null,
      "variant": 1,
      "flags": ["lowpri", "interact", "projectile"],
      "script": 883
    },
    {
      "id": 106,
      "object": "fx_zact_gicco",
      "position": {"x": 0.0, "y": 0.0, "z": 0.0},
      "rotation": {"x": 0, "y": 0, "z": 0},
      "scale": {"x": 1.0, "y": 1.0, "z": 1.0},
      "data": 0,
      "spawnFlag": null,
      "variant": 0,
      "flags": [],
      "script": null
    },
    {
      "id": 107,
      "object": "fx_zact_tao",
      "position": {"x": 0.0, "y": 0.0, "z": 0.0},
      "rotation": {"x": 0, "y": 0, "z": 0},
      "scale": {"x": 1.0, "y": 1.0, "z": 1.0},
      "data": 0,
      "spawnFlag": null,
      "variant": 0,
      "flags": [],
      "script": null
    },
    {
      "id": 108,
      "object": "fx_zact_frog",
      "position": {"x": 0.0, "y": 0.0, "z": 0.0},
      "rotation": {"x": 0, "y": 0, "z": 0},
      "scale": {"x": 1.0, "y": 1.0, "z": 1.0},
      "data": 0,
      "spawnFlag": null,
      "variant": 0,
      "flags": [],
      "script": null
    },
    {
      "id": 109,
      "object": "fx_zact_injured",
      "position": {"x": 0.0, "y": 0.0, "z": 0.0},
      "rotation": {"x": 0, "y": 0, "z": 0},
      "scale": {"x": 1.0, "y": 1.0, "z": 1.0},
      "data": 0,
      "spawnFlag": null,
      "variant": 0,
      "flags": [],
      "script": null
    },
    {
      "id": 110,
      "object": "fx_zact_pajamas",
      "position": {"x": 0.0, "y": -100.0, "z": 0.0},
      "rotation": {"x": 0, "y": 0, "z": 0},
      "scale": {"x": 1.0, "y": 1.0, "z": 1.0},
      "data": 0,
      "spawnFlag": null,
      "variant": 0,
      "flags": [],
      "script": null
    },
    {
      "id": 111,
      "object": "fx_zact_pajamas",
      "position": {"x": 0.0, "y": -100.0, "z": 0.0},
      "rotation": {"x": 0, "y": 0, "z": 0},
      "scale": {"x": 1.0, "y": 1.0, "z": 1.0},
      "data": 0,
      "spawnFlag": null,
      "variant": 0,
      "flags": [],
      "script": null
    },
    {
      "id": 112,
      "object": "fx_zact_ghost",
      "position": {"x": 0.0, "y": 0.0, "z": 0.0},
      "rotation": {"x": 0, "y": 0, "z": 0},
      "scale": {"x": 1.0, "y": 1.0, "z": 1.0},
      "data": 0,
      "spawnFlag": null,
      "variant": 0,
      "flags": [],
      "script": null
    },
    {
      "id": 113,
      "object": "souko_shelf",
      "position": {"x": -10.32, "y": 30.63, "z": -103.42},
      "rotation": {"x": 0, "y": 0, "z": 0},
      "scale": {"x": 1.0, "y": 1.0, "z": 1.0},
      "data": 0,
      "spawnFlag": null,
      "variant": 0,
      "flags": ["spawn", "climb", "clamber", "interact"],
      "script": null
    },
    {
      "id": 114,
      "object": "souko_chest",
      "position": {"x": -117.23, "y": 0.0, "z": -42.0},
      "rotation": {"x": 0, "y": 90, "z": 0},
      "scale": {"x": 1.0, "y": 1.0, "z": 1.0},
      "data": 0,
      "spawnFlag": null,
      "variant": 0,
      "flags": ["spawn", "climb", "clamber", "interact"],
      "script": null
    },
    {
      "id": 115,
      "object": "souko_renga",
      "position": {"x": -150.0, "y": 58.99, "z": -30.67},
      "rotation": {"x": 0, "y": 0, "z": 0},
      "scale": {"x": 1.0, "y": 1.0, "z": 1.0},
      "data": 0,
      "spawnFlag": null,
      "variant": 0,
      "flags": ["spawn", "climb", "clamber", "grab", "interact"],
      "script": null
    },
    {
      "id": 116,
      "object": "souko_renga",
      "position": {"x": -144.89, "y": 68.51, "z": -40.68},
      "rotation": {"x": 0, "y": 0, "z": 0},
      "scale": {"x": 1.0, "y": 1.0, "z": 1.0},
      "data": 0,
      "spawnFlag": null,
      "variant": 0,
      "flags": ["spawn", "climb", "clamber", "grab", "interact"],
      "script": null
    },
    {
      "id": 117,
      "object": "souko_renga",
      "position": {"x": -195.03, "y": 110.7, "z": 35.22},
      "rotation": {"x": 0, "y": 0, "z": 0},
      "scale": {"x": 1.0, "y": 1.0, "z": 0.95},
      "data": 0,
      "spawnFlag": null,
      "variant": 0,
      "flags": ["spawn", "climb", "clamber", "grab", "interact"],
      "script": null
    },
    {
      "id": 118,
      "object": "souko_renga",
      "position": {"x": -195.01, "y": 89.1, "z": -37.95},
      "rotation": {"x": 0, "y": 0, "z": 0},
      "scale": {"x": 1.0, "y": 1.0, "z": 1.2},
      "data": 0,
      "spawnFlag": null,
      "variant": 0,
      "flags": ["spawn", "climb", "clamber", "grab", "interact"],
      "script": null
    },
    {
      "id": 119,
      "object": "souko_renga",
      "position": {"x": -195.03, "y": 99.3, "z": -31.46},
      "rotation": {"x": 0, "y": 0, "z": 0},
      "scale": {"x": 1.0, "y": 1.0, "z": 0.9},
      "data": 0,
      "spawnFlag": null,
      "variant": 0,
      "flags": ["spawn", "climb", "clamber", "grab", "interact"],
      "script": null
    },
    {
      "id": 120,
      "object": "souko_shelf_dami",
      "position": {"x": -10.32, "y": 30.63, "z": -103.42},
      "rotation": {"x": 0, "y": 0, "z": 0},
      "scale": {"x": 1.0, "y": 1.0, "z": 1.0},
      "data": 0,
      "spawnFlag": null,
      "variant": 0,
      "flags": ["spawn", "projectile"],
      "script": 1203
    },
    {
      "id": 121,
      "object": "item_chibi_house_denti_2",
      "position": {"x": -4.29, "y": 95.69, "z": -91.6},
      "rotation": {"x": 0, "y": 0, "z": 0},
      "scale": {"x": 1.0, "y": 1.0, "z": 1.0},
      "data": 0,
      "spawnFlag": 12,
      "variant": 0,
      "flags": ["spawn", "flash", "lift", "interact"],
      "script": 1215
    },
    {
      "id": 122,
      "object": "souko_hasira",
      "position": {"x": 0.0, "y": 0.0, "z": 0.0},
      "rotation": {"x": 0, "y": 0, "z": 0},
      "scale": {"x": 1.0, "y": 1.0, "z": 1.0},
      "data": 0,
      "spawnFlag": null,
      "variant": 0,
      "flags": ["spawn", "climb", "clamber", "interact"],
      "script": null
    },
    {
      "id": 123,
      "object": "house_r_chibi_h_door_2",
      "position": {"x": -135.74, "y": 173.49, "z": -52.54},
      "rotation": {"x": 0, "y": 90, "z": 0},
      "scale": {"x": 1.0, "y": 1.0, "z": 1.0},
      "data": 0,
      "spawnFlag": null,
      "variant": 0,
      "flags": ["spawn", "radar", "lowpri", "projectile"],
      "script": 1228
    },
    {
      "id": 124,
      "object": "house_r_chibi_h_door_2",
      "position": {"x": -182.23, "y": 88.99, "z": -59.83},
      "rotation": {"x": 0, "y": 90, "z": 0},
      "scale": {"x": 1.0, "y": 1.0, "z": 1.0},
      "data": 0,
      "spawnFlag": null,
      "variant": 0,
      "flags": ["spawn", "radar", "lowpri", "projectile"],
      "script": 1233
    },
    {
      "id": 125,
      "object": "souko_nail",
      "position": {"x": -88.75, "y": 156.5, "z": 1.85},
      "rotation": {"x": 0, "y": 0, "z": -14},
      "scale": {"x": 1.0, "y": 1.0, "z": 1.0},
      "data": 0,
      "spawnFlag": null,
      "variant": 0,
      "flags": ["spawn", "interact"],
      "script": null
    },
    {
      "id": 126,
      "object": "souko_nail",
      "position": {"x": -86.3, "y": 162.22, "z": -14.19},
      "rotation": {"x": 68, "y": 0, "z": 42},
      "scale": {"x": 1.0, "y": 1.0, "z": 1.0},
      "data": 0,
      "spawnFlag": null,
      "variant": 0,
      "flags": ["spawn", "interact"],
      "script": null
    },
    {
      "id": 127,
      "object": "souko_nail",
      "position": {"x": -87.37, "y": 160.0, "z": 0.6},
      "rotation": {"x": 15, "y": 0, "z": 7},
      "scale": {"x": 0.39, "y": 0.39, "z": 0.39},
      "data": 0,
      "spawnFlag": null,
      "variant": 0,
      "flags": ["spawn", "interact"],
      "script": null
    },
    {
      "id": 128,
      "object": "souko_nail",
      "position": {"x": -85.76, "y": 159.21, "z": -1.03},
      "rotation": {"x": 20, "y": 0, "z": -10},
      "scale": {"x": 0.29, "y": 0.39, "z": 0.29},
      "data": 0,
      "spawnFlag": null,
      "variant": 0,
      "flags": ["spawn", "interact"],
      "script": null
    },
    {
      "id": 129,
      "object": "souko_nail",
      "position": {"x": -79.33, "y": 162.22, "z": -2.53},
      "rotation": {"x": 25, "y": 28, "z": 0},
      "scale": {"x": 0.39, "y": 0.29, "z": 0.39},
      "data": 0,
      "spawnFlag": null,
      "variant": 0,
      "flags": ["spawn", "interact"],
      "script": null
    },
    {
      "id": 130,
      "object": "souko_nail",
      "position": {"x": -79.03, "y": 161.02, "z": -1.26},
      "rotation": {"x": 0, "y": 0, "z": -39},
      "scale": {"x": 0.39, "y": 0.39, "z": 0.39},
      "data": 0,
      "spawnFlag": null,
      "variant": 0,
      "flags": ["spawn", "interact"],
      "script": null
    },
    {
      "id": 131,
      "object": "souko_nail",
      "position": {"x": -79.6, "y": 160.31, "z": -4.32},
      "rotation": {"x": 10, "y": 0, "z": -12},
      "scale": {"x": 0.39, "y": 0.39, "z": 0.39},
      "data": 0,
      "spawnFlag": null,
      "variant": 0,
      "flags": ["spawn", "interact"],
      "script": null
    },
    {
      "id": 132,
      "object": "souko_nail",
      "position": {"x": -80.15, "y": 160.31, "z": -12.36},
      "rotation": {"x": 12, "y": 0, "z": -24},
      "scale": {"x": 0.69, "y": 0.69, "z": 0.69},
      "data": 0,
      "spawnFlag": null,
      "variant": 0,
      "flags": ["spawn", "interact"],
      "script": null
    },
    {
      "id": 133,
      "object": "souko_nail",
      "position": {"x": -86.85, "y": 160.31, "z": -9.39},
      "rotation": {"x": 0, "y": 0, "z": 50},
      "scale": {"x": 0.39, "y": 0.39, "z": 0.39},
      "data": 0,
      "spawnFlag": null,
      "variant": 0,
      "flags": ["spawn", "interact"],
      "script": null
    },
    {
      "id": 134,
      "object": "souko_nail",
      "position": {"x": -80.14, "y": 160.31, "z": -2.41},
      "rotation": {"x": -41, "y": 0, "z": -18},
      "scale": {"x": 0.79, "y": 0.58, "z": 0.79},
      "data": 0,
      "spawnFlag": null,
      "variant": 0,
      "flags": ["spawn", "interact"],
      "script": null
    },
    {
      "id": 135,
      "object": "souko_nail",
      "position": {"x": -82.18, "y": 152.61, "z": -4.06},
      "rotation": {"x": 20, "y": 0, "z": 5},
      "scale": {"x": 1.0, "y": 1.0, "z": 1.0},
      "data": 0,
      "spawnFlag": null,
      "variant": 0,
      "flags": ["spawn", "interact"],
      "script": null
    },
    {
      "id": 136,
      "object": "souko_nail",
      "position": {"x": -78.74, "y": 154.41, "z": 1.35},
      "rotation": {"x": -10, "y": 0, "z": 10},
      "scale": {"x": 1.0, "y": 1.0, "z": 1.0},
      "data": 0,
      "spawnFlag": null,
      "variant": 0,
      "flags": ["spawn", "interact"],
      "script": null
    },
    {
      "id": 137,
      "object": "souko_birdcage",
      "position": {"x": -110.53, "y": 163.53, "z": 60.5},
      "rotation": {"x": 0, "y": 0, "z": 0},
      "scale": {"x": 1.0, "y": 1.0, "z": 1.0},
      "data": 0,
      "spawnFlag": null,
      "variant": 0,
      "flags": ["spawn", "climb", "clamber", "interact"],
      "script": null
    },
    {
      "id": 138,
      "object": "souko_v_rope",
      "position": {"x": -88.56, "y": 163.23, "z": 51.37},
      "rotation": {"x": 0, "y": -90, "z": 0},
      "scale": {"x": 1.0, "y": 1.0, "z": 1.0},
      "data": 0,
      "spawnFlag": null,
      "variant": 0,
      "flags": ["spawn", "rope", "interact"],
      "script": null
    },
    {
      "id": 139,
      "object": "souko_v_rope",
      "position": {"x": 55.38, "y": 163.23, "z": 114.34},
      "rotation": {"x": 0, "y": -90, "z": 0},
      "scale": {"x": 1.0, "y": 1.0, "z": 1.0},
      "data": 0,
      "spawnFlag": null,
      "variant": 0,
      "flags": ["spawn", "rope", "interact"],
      "script": null
    },
    {
      "id": 140,
      "object": "souko_v_rope",
      "position": {"x": 55.44, "y": 163.23, "z": 86.38},
      "rotation": {"x": 0, "y": -90, "z": 0},
      "scale": {"x": 1.0, "y": 1.0, "z": 1.0},
      "data": 0,
      "spawnFlag": null,
      "variant": 0,
      "flags": ["spawn", "rope", "interact"],
      "script": null
    },
    {
      "id": 141,
      "object": "souko_v_rope",
      "position": {"x": -88.57, "y": 163.23, "z": 23.12},
      "rotation": {"x": 0, "y": -90, "z": 0},
      "scale": {"x": 1.0, "y": 1.0, "z": 1.0},
      "data": 0,
      "spawnFlag": null,
      "variant": 0,
      "flags": ["spawn", "rope", "interact"],
      "script": null
    },
    {
      "id": 142,
      "object": "souko_board",
      "position": {"x": -87.91, "y": 120.36, "z": 37.11},
      "rotation": {"x": 0, "y": 0, "z": 0},
      "scale": {"x": 1.0, "y": 1.0, "z": 1.0},
      "data": 0,
      "spawnFlag": null,
      "variant": 0,
      "flags": ["spawn", "climb", "clamber", "interact"],
      "script": null
    },
    {
      "id": 143,
      "object": "souko_board",
      "position": {"x": 55.97, "y": 120.36, "z": 100.3},
      "rotation": {"x": 0, "y": 0, "z": 0},
      "scale": {"x": 1.0, "y": 1.0, "z": 1.0},
      "data": 0,
      "spawnFlag": null,
      "variant": 0,
      "flags": ["spawn", "climb", "clamber", "interact"],
      "script": null
    },
    {
      "id": 144,
      "object": "item_kayaku",
      "position": {"x": -140.78, "y": 88.83, "z": -16.49},
      "rotation": {"x": 0, "y": 0, "z": 0},
      "scale": {"x": 1.0, "y": 1.0, "z": 1.0},
      "data": 0,
      "spawnFlag": 13,
      "variant": 0,
      "flags": ["spawn", "flash", "lift", "interact"],
      "script": 1238
    },
    {
      "id": 145,
      "object": "npc_hock_ship_8",
      "position": {"x": 28.97, "y": 0.0, "z": -20.03},
      "rotation": {"x": 0, "y": -54, "z": 0},
      "scale": {"x": 1.0, "y": 1.0, "z": 1.0},
      "data": 0,
      "spawnFlag": null,
      "variant": 0,
      "flags": ["interact"],
      "script": null
    },
    {
      "id": 146,
      "object": "npc_army_4",
      "position": {"x": 36.72, "y": 0.0, "z": 14.33},
      "rotation": {"x": 0, "y": 30, "z": 0},
      "scale": {"x": 1.0, "y": 1.0, "z": 1.0},
      "data": 0,
      "spawnFlag": null,
      "variant": 0,
      "flags": ["interact", "projectile"],
      "script": 1239
    },
    {
      "id": 147,
      "object": "npc_army_4",
      "position": {"x": 52.62, "y": 0.0, "z": 4.8},
      "rotation": {"x": 0, "y": 30, "z": 0},
      "scale": {"x": 1.0, "y": 1.0, "z": 1.0},
      "data": 0,
      "spawnFlag": null,
      "variant": 0,
      "flags": ["interact", "projectile"],
      "script": 1260
    },
    {
      "id": 148,
      "object": "npc_army_4",
      "position": {"x": 44.88, "y": 0.0, "z": 9.51},
      "rotation": {"x": 0, "y": 30, "z": 0},
      "scale": {"x": 1.0, "y": 1.0, "z": 1.0},
      "data": 0,
      "spawnFlag": null,
      "variant": 0,
      "flags": ["interact", "projectile"],
      "script": 1280
    },
    {
      "id": 149,
      "object": "npc_army_4",
      "position": {"x": 60.44, "y": 0.0, "z": 0.15},
      "rotation": {"x": 0, "y": 30, "z": 0},
      "scale": {"x": 1.0, "y": 1.0, "z": 1.0},
      "data": 0,
      "spawnFlag": null,
      "variant": 0,
      "flags": ["interact", "projectile"],
      "script": 1300
    },
    {
      "id": 150,
      "object": "map_jump_box",
      "position": {"x": -83.47, "y": 160.6, "z": 1.91},
      "rotation": {"x": 0, "y": 0, "z": 0},
      "scale": {"x": 2.8, "y": 20.0, "z": 0.5},
      "data": 0,
      "spawnFlag": null,
      "variant": 0,
      "flags": ["spawn", "interact"],
      "script": null
    },
    {
      "id": 151,
      "object": "item_frog_ring",
      "position": {"x": 102.14, "y": 91.99, "z": 135.74},
      "rotation": {"x": 0, "y": 180, "z": -37},
      "scale": {"x": 1.0, "y": 1.0, "z": 1.0},
      "data": 0,
      "spawnFlag": 14,
      "variant": 0,
      "flags": ["spawn", "flash", "cull", "lift", "interact"],
      "script": 1320
    },
    {
      "id": 152,
      "object": "fx_cbdoor_01",
      "position": {"x": 0.0, "y": 0.0, "z": 0.0},
      "rotation": {"x": 0, "y": 0, "z": 0},
      "scale": {"x": 1.0, "y": 1.0, "z": 1.0},
      "data": 0,
      "spawnFlag": null,
      "variant": 0,
      "flags": ["spawn", "interact"],
      "script": null
    },
    {
      "id": 153,
      "object": "item_t_block_5",
      "position": {"x": -61.09, "y": 0.6, "z": 31.28},
      "rotation": {"x": 0, "y": 0, "z": 0},
      "scale": {"x": 1.0, "y": 1.0, "z": 1.0},
      "data": 0,
      "spawnFlag": null,
      "variant": 0,
      "flags": ["flash", "interact"],
      "script": 1321
    },
    {
      "id": 154,
      "object": "item_tonpy_t",
      "position": {"x": -87.05, "y": 1.65, "z": 41.66},
      "rotation": {"x": 0, "y": 87, "z": 0},
      "scale": {"x": 1.0, "y": 1.0, "z": 1.0},
      "data": 0,
      "spawnFlag": 15,
      "variant": 0,
      "flags": ["opaque", "flash", "interact"],
      "script": null
    },
    {
      "id": 155,
      "object": "house_r_chibi_h_warp",
      "position": {"x": -126.51, "y": 159.99, "z": 82.25},
      "rotation": {"x": 0, "y": 0, "z": 0},
      "scale": {"x": 1.0, "y": 1.0, "z": 1.0},
      "data": 0,
      "spawnFlag": null,
      "variant": 0,
      "flags": ["lowpri", "climb", "clamber", "interact", "projectile"],
      "script": 1333
    },
    {
      "id": 156,
      "object": "fx_leticwarp_01",
      "position": {"x": -0.2, "y": 0.0, "z": 0.8},
      "rotation": {"x": 0, "y": 0, "z": 0},
      "scale": {"x": 1.0, "y": 1.0, "z": 1.0},
      "data": 0,
      "spawnFlag": null,
      "variant": 0,
      "flags": ["interact"],
      "script": null
    },
    {
      "id": 157,
      "object": "takarabako",
      "position": {"x": 105.81, "y": 0.0, "z": -102.71},
      "rotation": {"x": 0, "y": 0, "z": 0},
      "scale": {"x": 1.0, "y": 1.0, "z": 1.0},
      "data": 0,
      "spawnFlag": null,
      "variant": 0,
      "flags": [],
      "script": 1334
    },
    {
      "id": 158,
      "object": "npc_sun_kao",
      "position": {"x": -75.43, "y": 12.2, "z": 31.47},
      "rotation": {"x": 0, "y": 90, "z": 0},
      "scale": {"x": 1.0, "y": 1.0, "z": 1.0},
      "data": 0,
      "spawnFlag": null,
      "variant": 0,
      "flags": ["interact"],
      "script": null
    },
    {
      "id": 159,
      "object": "living_sunmidasky",
      "position": {"x": 0.0, "y": 0.0, "z": 0.0},
      "rotation": {"x": 0, "y": 0, "z": 0},
      "scale": {"x": 1.0, "y": 1.0, "z": 1.0},
      "data": 0,
      "spawnFlag": null,
      "variant": 0,
      "flags": ["interact"],
      "script": null
    },
    {
      "id": 160,
      "object": "item_tamagotti",
      "position": {"x": 187.31, "y": 0.0, "z": -29.1},
      "rotation": {"x": 0, "y": 0, "z": 0},
      "scale": {"x": 1.0, "y": 1.0, "z": 1.0},
      "data": 0,
      "spawnFlag": 16,
      "variant": 0,
      "flags": ["flash", "lift", "interact"],
      "script": 1335
    },
    {
      "id": 161,
      "object": "item_hock_tizu_41",
      "position": {"x": -168.0, "y": 0.0, "z": 0.0},
      "rotation": {"x": 0, "y": 0, "z": 0},
      "scale": {"x": 1.0, "y": 1.0, "z": 1.0},
      "data": 0,
      "spawnFlag": 17,
      "variant": 0,
      "flags": ["spawn", "flash", "interact"],
      "script": null
    },
    {
      "id": 162,
      "object": "item_hock_tizu_42",
      "position": {"x": -160.0, "y": 0.0, "z": 0.0},
      "rotation": {"x": 0, "y": 0, "z": 0},
      "scale": {"x": 1.0, "y": 1.0, "z": 1.0},
      "data": 0,
      "spawnFlag": 18,
      "variant": 0,
      "flags": ["spawn", "flash", "interact"],
      "script": null
    },
    {
      "id": 163,
      "object": "item_hock_tizu_43",
      "position": {"x": -178.77, "y": 0.0, "z": 0.0},
      "rotation": {"x": 0, "y": 0, "z": 0},
      "scale": {"x": 1.0, "y": 1.0, "z": 1.0},
      "data": 0,
      "spawnFlag": 19,
      "variant": 0,
      "flags": ["spawn", "flash", "interact"],
      "script": null
    },
    {
      "id": 164,
      "object": "fx_spider_01",
      "position": {"x": 0.0, "y": 0.0, "z": 0.0},
      "rotation": {"x": 0, "y": 0, "z": 0},
      "scale": {"x": 1.0, "y": 1.0, "z": 1.0},
      "data": 0,
      "spawnFlag": null,
      "variant": 0,
      "flags": ["interact"],
      "script": null
    },
    {
      "id": 165,
      "object": "fx_spider_01",
      "position": {"x": 0.0, "y": 0.0, "z": 0.0},
      "rotation": {"x": 0, "y": 0, "z": 0},
      "scale": {"x": 1.0, "y": 1.0, "z": 1.0},
      "data": 0,
      "spawnFlag": null,
      "variant": 0,
      "flags": ["interact"],
      "script": null
    },
    {
      "id": 166,
      "object": "fx_spider_01",
      "position": {"x": 0.0, "y": 0.0, "z": 0.0},
      "rotation": {"x": 0, "y": 0, "z": 0},
      "scale": {"x": 1.0, "y": 1.0, "z": 1.0},
      "data": 0,
      "spawnFlag": null,
      "variant": 0,
      "flags": ["interact"],
      "script": null
    },
    {
      "id": 167,
      "object": "fx_spider_01",
      "position": {"x": 0.0, "y": 0.0, "z": 0.0},
      "rotation": {"x": 0, "y": 0, "z": 0},
      "scale": {"x": 1.0, "y": 1.0, "z": 1.0},
      "data": 0,
      "spawnFlag": null,
      "variant": 0,
      "flags": ["interact"],
      "script": null
    },
    {
      "id": 168,
      "object": "fx_spider_01",
      "position": {"x": 0.0, "y": 0.0, "z": 0.0},
      "rotation": {"x": 0, "y": 0, "z": 0},
      "scale": {"x": 1.0, "y": 1.0, "z": 1.0},
      "data": 0,
      "spawnFlag": null,
      "variant": 0,
      "flags": ["interact"],
      "script": null
    },
    {
      "id": 169,
      "object": "fx_spider_01",
      "position": {"x": 0.0, "y": 0.0, "z": 0.0},
      "rotation": {"x": 0, "y": 0, "z": 0},
      "scale": {"x": 1.0, "y": 1.0, "z": 1.0},
      "data": 0,
      "spawnFlag": null,
      "variant": 0,
      "flags": ["interact"],
      "script": null
    },
    {
      "id": 170,
      "object": "fx_spider_01",
      "position": {"x": 0.0, "y": 0.0, "z": 0.0},
      "rotation": {"x": 0, "y": 0, "z": 0},
      "scale": {"x": 1.0, "y": 1.0, "z": 1.0},
      "data": 0,
      "spawnFlag": null,
      "variant": 0,
      "flags": ["interact"],
      "script": null
    },
    {
      "id": 171,
      "object": "fx_spider_01",
      "position": {"x": 0.0, "y": 0.0, "z": 0.0},
      "rotation": {"x": 0, "y": 0, "z": 0},
      "scale": {"x": 1.0, "y": 1.0, "z": 1.0},
      "data": 0,
      "spawnFlag": null,
      "variant": 0,
      "flags": ["interact"],
      "script": null
    },
    {
      "id": 172,
      "object": "npc_spider_2",
      "position": {"x": -72.0, "y": 0.0, "z": -85.82},
      "rotation": {"x": 0, "y": 0, "z": 0},
      "scale": {"x": 1.0, "y": 1.0, "z": 1.0},
      "data": 0,
      "spawnFlag": null,
      "variant": 0,
      "flags": ["spawn", "atc", "projectile"],
      "script": 1336
    },
    {
      "id": 173,
      "object": "npc_spider_2",
      "position": {"x": -89.39, "y": 0.0, "z": -85.98},
      "rotation": {"x": 0, "y": -30, "z": 0},
      "scale": {"x": 1.0, "y": 1.0, "z": 1.0},
      "data": 0,
      "spawnFlag": null,
      "variant": 0,
      "flags": ["spawn", "atc", "projectile"],
      "script": 1337
    },
    {
      "id": 174,
      "object": "npc_spider_2",
      "position": {"x": -55.9, "y": 0.0, "z": -85.23},
      "rotation": {"x": 0, "y": 30, "z": 0},
      "scale": {"x": 1.0, "y": 1.0, "z": 1.0},
      "data": 0,
      "spawnFlag": null,
      "variant": 0,
      "flags": ["spawn", "atc", "projectile"],
      "script": 1338
    },
    {
      "id": 175,
      "object": "npc_spider_2",
      "position": {"x": -273.17, "y": 76.0, "z": -24.95},
      "rotation": {"x": 0, "y": -180, "z": 0},
      "scale": {"x": 1.0, "y": 1.0, "z": 1.0},
      "data": 0,
      "spawnFlag": null,
      "variant": 0,
      "flags": ["spawn", "atc", "projectile"],
      "script": 1339
    },
    {
      "id": 176,
      "object": "npc_spider_2",
      "position": {"x": -264.9, "y": 76.0, "z": -10.03},
      "rotation": {"x": 0, "y": 165, "z": 0},
      "scale": {"x": 1.0, "y": 1.0, "z": 1.0},
      "data": 0,
      "spawnFlag": null,
      "variant": 0,
      "flags": ["spawn", "atc", "projectile"],
      "script": 1340
    },
    {
      "id": 177,
      "object": "npc_spider_2",
      "position": {"x": -232.94, "y": 76.0, "z": -15.45},
      "rotation": {"x": 0, "y": -125, "z": 0},
      "scale": {"x": 1.0, "y": 1.0, "z": 1.0},
      "data": 0,
      "spawnFlag": null,
      "variant": 0,
      "flags": ["spawn", "atc", "projectile"],
      "script": 1341
    },
    {
      "id": 178,
      "object": "npc_spider_2",
      "position": {"x": -290.69, "y": 76.0, "z": -11.5},
      "rotation": {"x": 0, "y": 130, "z": 0},
      "scale": {"x": 1.0, "y": 1.0, "z": 1.0},
      "data": 0,
      "spawnFlag": null,
      "variant": 0,
      "flags": ["spawn", "atc", "projectile"],
      "script": 1342
    },
    {
      "id": 179,
      "object": "npc_spider_2",
      "position": {"x": -233.93, "y": 76.0, "z": -131.98},
      "rotation": {"x": 0, "y": 140, "z": 0},
      "scale": {"x": 1.0, "y": 1.0, "z": 1.0},
      "data": 0,
      "spawnFlag": null,
      "variant": 0,
      "flags": ["spawn", "atc", "projectile"],
      "script": 1343
    },
    {
      "id": 180,
      "object": "item_junk_unko",
      "position": {"x": 0.0, "y": -10.0, "z": 0.0},
      "rotation": {"x": 0, "y": 0, "z": 0},
      "scale": {"x": 1.0, "y": 1.0, "z": 1.0},
      "data": 0,
      "spawnFlag": null,
      "variant": 0,
      "flags": ["blastthru", "cull", "touch"],
      "script": 1344
    },
    {
      "id": 181,
      "object": "item_junk_unko",
      "position": {"x": 0.0, "y": -10.0, "z": 0.0},
      "rotation": {"x": 0, "y": 0, "z": 0},
      "scale": {"x": 1.0, "y": 1.0, "z": 1.0},
      "data": 0,
      "spawnFlag": null,
      "variant": 0,
      "flags": ["blastthru", "cull", "touch"],
      "script": 1345
    },
    {
      "id": 182,
      "object": "item_junk_unko",
      "position": {"x": 0.0, "y": -10.0, "z": 0.0},
      "rotation": {"x": 0, "y": 0, "z": 0},
      "scale": {"x": 1.0, "y": 1.0, "z": 1.0},
      "data": 0,
      "spawnFlag": null,
      "variant": 0,
      "flags": ["blastthru", "cull", "touch"],
      "script": 1346
    },
    {
      "id": 183,
      "object": "item_junk_unko",
      "position": {"x": 0.0, "y": -10.0, "z": 0.0},
      "rotation": {"x": 0, "y": 0, "z": 0},
      "scale": {"x": 1.0, "y": 1.0, "z": 1.0},
      "data": 0,
      "spawnFlag": null,
      "variant": 0,
      "flags": ["blastthru", "cull", "touch"],
      "script": 1347
    },
    {
      "id": 184,
      "object": "item_junk_unko",
      "position": {"x": 0.0, "y": -10.0, "z": 0.0},
      "rotation": {"x": 0, "y": 0, "z": 0},
      "scale": {"x": 1.0, "y": 1.0, "z": 1.0},
      "data": 0,
      "spawnFlag": null,
      "variant": 0,
      "flags": ["blastthru", "cull", "touch"],
      "script": 1348
    },
    {
      "id": 185,
      "object": "item_junk_unko",
      "position": {"x": 0.56, "y": -10.0, "z": -0.22},
      "rotation": {"x": 0, "y": 0, "z": 0},
      "scale": {"x": 1.0, "y": 1.0, "z": 1.0},
      "data": 0,
      "spawnFlag": null,
      "variant": 0,
      "flags": ["blastthru", "cull", "touch"],
      "script": 1349
    },
    {
      "id": 186,
      "object": "item_junk_unko",
      "position": {"x": 0.0, "y": -10.0, "z": 0.0},
      "rotation": {"x": 0, "y": 0, "z": 0},
      "scale": {"x": 1.0, "y": 1.0, "z": 1.0},
      "data": 0,
      "spawnFlag": null,
      "variant": 0,
      "flags": ["blastthru", "cull", "touch"],
      "script": 1350
    },
    {
      "id": 187,
      "object": "item_junk_unko",
      "position": {"x": 0.0, "y": -10.0, "z": 0.0},
      "rotation": {"x": 0, "y": 0, "z": 0},
      "scale": {"x": 1.0, "y": 1.0, "z": 1.0},
      "data": 0,
      "spawnFlag": null,
      "variant": 0,
      "flags": ["blastthru", "cull", "touch"],
      "script": 1351
    },
    {
      "id": 188,
      "object": "souko_sun_rag",
      "position": {"x": -74.39, "y": 0.3, "z": 31.57},
      "rotation": {"x": 0, "y": 0, "z": 0},
      "scale": {"x": 1.0, "y": 1.0, "z": 1.0},
      "data": 0,
      "spawnFlag": null,
      "variant": 0,
      "flags": ["interact"],
      "script": null
    },
    {
      "id": 189,
      "object": "souko_sun_rou",
      "position": {"x": -71.04, "y": 0.4, "z": 16.42},
      "rotation": {"x": 0, "y": 0, "z": 0},
      "scale": {"x": 1.0, "y": 1.0, "z": 1.0},
      "data": 0,
      "spawnFlag": null,
      "variant": 0,
      "flags": ["opaque", "interact"],
      "script": null
    },
    {
      "id": 190,
      "object": "souko_sun_rou",
      "position": {"x": -71.55, "y": 0.4, "z": 44.85},
      "rotation": {"x": 0, "y": 0, "z": 0},
      "scale": {"x": 1.0, "y": 1.0, "z": 1.0},
      "data": 0,
      "spawnFlag": null,
      "variant": 0,
      "flags": ["opaque", "interact"],
      "script": null
    },
    {
      "id": 191,
      "object": "souko_sun_rou",
      "position": {"x": -80.85, "y": 0.4, "z": 18.28},
      "rotation": {"x": 0, "y": 0, "z": 0},
      "scale": {"x": 1.0, "y": 1.0, "z": 1.0},
      "data": 0,
      "spawnFlag": null,
      "variant": 0,
      "flags": ["opaque", "interact"],
      "script": null
    },
    {
      "id": 192,
      "object": "souko_sun_rou",
      "position": {"x": -86.77, "y": 0.4, "z": 25.86},
      "rotation": {"x": 0, "y": 0, "z": 0},
      "scale": {"x": 1.0, "y": 1.0, "z": 1.0},
      "data": 0,
      "spawnFlag": null,
      "variant": 0,
      "flags": ["opaque", "interact"],
      "script": null
    },
    {
      "id": 193,
      "object": "souko_sun_rou",
      "position": {"x": -86.64, "y": 0.4, "z": 37.5},
      "rotation": {"x": 0, "y": 0, "z": 0},
      "scale": {"x": 1.0, "y": 1.0, "z": 1.0},
      "data": 0,
      "spawnFlag": null,
      "variant": 0,
      "flags": ["opaque", "interact"],
      "script": null
    },
    {
      "id": 194,
      "object": "souko_sun_rou",
      "position": {"x": -80.37, "y": 0.4, "z": 43.52},
      "rotation": {"x": 0, "y": 0, "z": 0},
      "scale": {"x": 1.0, "y": 1.0, "z": 1.0},
      "data": 0,
      "spawnFlag": null,
      "variant": 0,
      "flags": ["opaque", "interact"],
      "script": null
    },
    {
      "id": 195,
      "object": "yogore_hun",
      "position": {"x": -104.49, "y": 120.4, "z": 63.66},
      "rotation": {"x": 0, "y": 0, "z": 0},
      "scale": {"x": 0.79, "y": 0.79, "z": 0.79},
      "data": 0,
      "spawnFlag": 27,
      "variant": 0,
      "flags": ["pushthru", "atc"],
      "script": 1352
    },
    {
      "id": 196,
      "object": "yogore_hun",
      "position": {"x": -107.94, "y": 120.4, "z": 64.46},
      "rotation": {"x": 0, "y": 150, "z": 0},
      "scale": {"x": 1.0, "y": 1.0, "z": 1.0},
      "data": 0,
      "spawnFlag": 28,
      "variant": 0,
      "flags": ["pushthru", "atc"],
      "script": 1354
    },
    {
      "id": 197,
      "object": "yogore_hun",
      "position": {"x": -107.05, "y": 120.4, "z": 67.53},
      "rotation": {"x": 0, "y": 90, "z": 0},
      "scale": {"x": 1.0, "y": 1.0, "z": 1.0},
      "data": 0,
      "spawnFlag": 29,
      "variant": 0,
      "flags": ["pushthru", "atc"],
      "script": 1355
    },
    {
      "id": 198,
      "object": "yogore_hun",
      "position": {"x": -115.81, "y": 120.4, "z": 54.93},
      "rotation": {"x": 0, "y": 50, "z": 0},
      "scale": {"x": 1.0, "y": 1.0, "z": 1.0},
      "data": 0,
      "spawnFlag": 30,
      "variant": 0,
      "flags": ["pushthru", "atc"],
      "script": 1356
    },
    {
      "id": 199,
      "object": "yogore_hun",
      "position": {"x": -105.46, "y": 120.4, "z": 55.25},
      "rotation": {"x": 0, "y": 0, "z": 0},
      "scale": {"x": 0.79, "y": 0.79, "z": 0.79},
      "data": 0,
      "spawnFlag": 31,
      "variant": 0,
      "flags": ["pushthru", "atc"],
      "script": 1357
    },
    {
      "id": 200,
      "object": "yogore_hun",
      "position": {"x": -118.15, "y": 120.4, "z": 62.0},
      "rotation": {"x": 0, "y": 110, "z": 0},
      "scale": {"x": 0.79, "y": 0.79, "z": 0.79},
      "data": 0,
      "spawnFlag": 32,
      "variant": 0,
      "flags": ["pushthru", "atc"],
      "script": 1358
    },
    {
      "id": 201,
      "object": "yogore_hun",
      "position": {"x": 92.06, "y": 173.8, "z": 60.17},
      "rotation": {"x": 0, "y": -57, "z": 0},
      "scale": {"x": 1.0, "y": 1.0, "z": 1.0},
      "data": 0,
      "spawnFlag": 33,
      "variant": 0,
      "flags": ["pushthru", "atc"],
      "script": 1359
    },
    {
      "id": 202,
      "object": "yogore_hun",
      "position": {"x": -99.61, "y": 173.8, "z": -54.68},
      "rotation": {"x": 0, "y": -30, "z": 0},
      "scale": {"x": 1.0, "y": 1.0, "z": 1.0},
      "data": 0,
      "spawnFlag": 34,
      "variant": 0,
      "flags": ["pushthru", "atc"],
      "script": 1360
    },
    {
      "id": 203,
      "object": "yogore_hun",
      "position": {"x": -94.08, "y": 173.8, "z": -51.82},
      "rotation": {"x": 0, "y": 0, "z": 0},
      "scale": {"x": 0.79, "y": 1.0, "z": 0.79},
      "data": 0,
      "spawnFlag": 35,
      "variant": 0,
      "flags": ["pushthru", "atc"],
      "script": 1361
    },
    {
      "id": 204,
      "object": "yogore_hun",
      "position": {"x": -67.37, "y": 173.8, "z": -53.22},
      "rotation": {"x": 0, "y": -56, "z": 0},
      "scale": {"x": 1.0, "y": 1.0, "z": 1.0},
      "data": 0,
      "spawnFlag": 36,
      "variant": 0,
      "flags": ["pushthru", "atc"],
      "script": 1362
    },
    {
      "id": 205,
      "object": "yogore_hun",
      "position": {"x": -83.24, "y": 163.49, "z": -26.37},
      "rotation": {"x": 0, "y": 0, "z": 0},
      "scale": {"x": 1.0, "y": 1.0, "z": 1.0},
      "data": 0,
      "spawnFlag": 37,
      "variant": 0,
      "flags": ["pushthru", "atc"],
      "script": 1363
    },
    {
      "id": 206,
      "object": "yogore_hun",
      "position": {"x": 60.56, "y": 163.49, "z": -110.95},
      "rotation": {"x": 0, "y": -74, "z": 0},
      "scale": {"x": 1.0, "y": 1.0, "z": 1.0},
      "data": 0,
      "spawnFlag": 38,
      "variant": 0,
      "flags": ["pushthru", "atc"],
      "script": 1364
    },
    {
      "id": 207,
      "object": "yogore_hun",
      "position": {"x": 61.62, "y": 163.49, "z": -102.55},
      "rotation": {"x": 0, "y": 26, "z": 0},
      "scale": {"x": 0.79, "y": 1.0, "z": 0.79},
      "data": 0,
      "spawnFlag": 39,
      "variant": 0,
      "flags": ["pushthru", "atc"],
      "script": 1365
    },
    {
      "id": 208,
      "object": "yogore_hun",
      "position": {"x": 62.59, "y": 163.49, "z": 34.0},
      "rotation": {"x": 0, "y": -122, "z": 0},
      "scale": {"x": 1.0, "y": 1.0, "z": 1.0},
      "data": 0,
      "spawnFlag": 40,
      "variant": 0,
      "flags": ["pushthru", "atc"],
      "script": 1366
    },
    {
      "id": 209,
      "object": "yogore_hun",
      "position": {"x": 59.34, "y": 163.49, "z": 40.93},
      "rotation": {"x": 0, "y": 2, "z": 0},
      "scale": {"x": 0.79, "y": 1.0, "z": 0.69},
      "data": 0,
      "spawnFlag": 41,
      "variant": 0,
      "flags": ["pushthru", "atc"],
      "script": 1367
    },
    {
      "id": 210,
      "object": "item_akikan",
      "position": {"x": -65.33, "y": 99.3, "z": -95.11},
      "rotation": {"x": 0, "y": 50, "z": 0},
      "scale": {"x": 1.0, "y": 1.0, "z": 1.0},
      "data": 0,
      "spawnFlag": 20,
      "variant": 2,
      "flags": ["spawn", "flash", "cull", "lift", "interact"],
      "script": 1368
    },
    {
      "id": 211,
      "object": "item_candy_gomi",
      "position": {"x": -110.26, "y": 59.7, "z": -12.69},
      "rotation": {"x": 0, "y": 42, "z": 0},
      "scale": {"x": 1.0, "y": 1.0, "z": 1.0},
      "data": 0,
      "spawnFlag": 21,
      "variant": 0,
      "flags": ["spawn", "flash", "cull", "lift", "interact"],
      "script": 1369
    },
    {
      "id": 212,
      "object": "item_candy_gomi",
      "position": {"x": -21.81, "y": 60.6, "z": 85.99},
      "rotation": {"x": 0, "y": 30, "z": 0},
      "scale": {"x": 1.0, "y": 1.0, "z": 1.0},
      "data": 0,
      "spawnFlag": 22,
      "variant": 0,
      "flags": ["spawn", "flash", "cull", "lift", "interact"],
      "script": 1370
    },
    {
      "id": 213,
      "object": "living_happy_box",
      "position": {"x": -40.21, "y": 160.03, "z": -109.1},
      "rotation": {"x": 0, "y": 0, "z": 0},
      "scale": {"x": 1.0, "y": 1.0, "z": 1.0},
      "data": 0,
      "spawnFlag": null,
      "variant": 0,
      "flags": ["spawn", "explode", "climb", "clamber", "fall", "grab"],
      "script": 1371
    },
    {
      "id": 214,
      "object": "living_happy_box",
      "position": {"x": -54.9, "y": 160.03, "z": -108.97},
      "rotation": {"x": 0, "y": 0, "z": 0},
      "scale": {"x": 1.0, "y": 1.0, "z": 1.0},
      "data": 0,
      "spawnFlag": null,
      "variant": 0,
      "flags": ["spawn", "explode", "climb", "clamber", "fall", "grab"],
      "script": 1373
    },
    {
      "id": 215,
      "object": "living_happy_box",
      "position": {"x": 61.06, "y": 163.0, "z": -63.59},
      "rotation": {"x": 0, "y": 0, "z": 0},
      "scale": {"x": 1.0, "y": 1.0, "z": 1.0},
      "data": 0,
      "spawnFlag": null,
      "variant": 0,
      "flags": ["spawn", "explode", "climb", "clamber", "fall", "grab"],
      "script": 1374
    },
    {
      "id": 216,
      "object": "living_happy_box",
      "position": {"x": -121.82, "y": 173.33, "z": 60.21},
      "rotation": {"x": 0, "y": 0, "z": 0},
      "scale": {"x": 1.0, "y": 1.0, "z": 1.0},
      "data": 0,
      "spawnFlag": null,
      "variant": 0,
      "flags": ["spawn", "explode", "climb", "clamber", "fall", "grab"],
      "script": 1375
    },
    {
      "id": 217,
      "object": "living_happy_box",
      "position": {"x": -56.98, "y": 99.87, "z": 81.71},
      "rotation": {"x": 0, "y": 0, "z": 0},
      "scale": {"x": 1.0, "y": 1.0, "z": 1.0},
      "data": 0,
      "spawnFlag": null,
      "variant": 0,
      "flags": ["spawn", "explode", "climb", "clamber", "fall", "grab"],
      "script": 1376
    },
    {
      "id": 218,
      "object": "yogore_shimi",
      "position": {"x": -179.23, "y": 100.0, "z": 8.72},
      "rotation": {"x": 0, "y": 90, "z": 0},
      "scale": {"x": 1.0, "y": 1.0, "z": 1.0},
      "data": 0,
      "spawnFlag": 42,
      "variant": 0,
      "flags": ["opaque", "intangible", "flash", "projectile"],
      "script": 1377
    },
    {
      "id": 219,
      "object": "yogore_shimi",
      "position": {"x": 134.68, "y": 181.0, "z": -57.18},
      "rotation": {"x": 0, "y": -90, "z": 0},
      "scale": {"x": 1.0, "y": 1.0, "z": 1.0},
      "data": 0,
      "spawnFlag": 43,
      "variant": 0,
      "flags": ["opaque", "intangible", "flash", "projectile"],
      "script": 1378
    },
    {
      "id": 220,
      "object": "yogore_shimi",
      "position": {"x": -78.16, "y": 180.0, "z": -63.64},
      "rotation": {"x": 0, "y": -90, "z": 0},
      "scale": {"x": 1.0, "y": 1.0, "z": 1.0},
      "data": 0,
      "spawnFlag": 44,
      "variant": 0,
      "flags": ["opaque", "intangible", "flash", "projectile"],
      "script": 1379
    },
    {
      "id": 221,
      "object": "yogore_shimi",
      "position": {"x": 61.36, "y": 169.0, "z": 129.62},
      "rotation": {"x": 0, "y": 180, "z": 0},
      "scale": {"x": 1.0, "y": 1.0, "z": 1.0},
      "data": 0,
      "spawnFlag": 45,
      "variant": 0,
      "flags": ["opaque", "intangible", "flash", "projectile"],
      "script": 1380
    },
    {
      "id": 222,
      "object": "yogore_shimi",
      "position": {"x": 134.95, "y": 179.99, "z": -47.09},
      "rotation": {"x": 0, "y": -90, "z": 0},
      "scale": {"x": 1.0, "y": 1.0, "z": 1.0},
      "data": 0,
      "spawnFlag": 46,
      "variant": 0,
      "flags": ["opaque", "intangible", "flash", "projectile"],
      "script": 1381
    },
    {
      "id": 223,
      "object": "yogore_shimi",
      "position": {"x": -134.47, "y": 179.99, "z": 60.22},
      "rotation": {"x": 0, "y": 90, "z": 0},
      "scale": {"x": 1.0, "y": 1.0, "z": 1.0},
      "data": 0,
      "spawnFlag": 47,
      "variant": 0,
      "flags": ["opaque", "intangible", "flash", "projectile"],
      "script": 1382
    },
    {
      "id": 224,
      "object": "yogore_shimi",
      "position": {"x": -67.93, "y": 179.99, "z": 70.31},
      "rotation": {"x": 0, "y": 90, "z": 0},
      "scale": {"x": 1.0, "y": 1.0, "z": 1.0},
      "data": 0,
      "spawnFlag": 48,
      "variant": 0,
      "flags": ["opaque", "intangible", "flash", "projectile"],
      "script": 1383
    },
    {
      "id": 225,
      "object": "souko_birdcage_shortcut",
      "position": {"x": -110.53, "y": 163.53, "z": 60.5},
      "rotation": {"x": 0, "y": 0, "z": 0},
      "scale": {"x": 1.0, "y": 1.0, "z": 1.0},
      "data": 0,
      "spawnFlag": null,
      "variant": 0,
      "flags": ["spawn", "interact"],
      "script": null
    },
    {
      "id": 226,
      "object": "souko_birdcage_shortcut_2",
      "position": {"x": -115.0, "y": 0.0, "z": 49.76},
      "rotation": {"x": 0, "y": 217, "z": 0},
      "scale": {"x": 1.0, "y": 1.0, "z": 1.0},
      "data": 0,
      "spawnFlag": null,
      "variant": 0,
      "flags": ["rope", "interact"],
      "script": null
    },
    {
      "id": 227,
      "object": "coin_g",
      "position": {"x": -700.15, "y": 0.0, "z": 499.1},
      "rotation": {"x": 0, "y": 0, "z": 0},
      "scale": {"x": 1.0, "y": 1.0, "z": 1.0},
      "data": 0,
      "spawnFlag": 37,
      "variant": 0,
      "flags": ["interact"],
      "script": null
    },
    {
      "id": 228,
      "object": "coin_g",
      "position": {"x": -706.55, "y": 0.0, "z": 493.5},
      "rotation": {"x": 0, "y": 0, "z": 0},
      "scale": {"x": 1.0, "y": 1.0, "z": 1.0},
      "data": 0,
      "spawnFlag": 38,
      "variant": 0,
      "flags": ["interact"],
      "script": null
    },
    {
      "id": 229,
      "object": "coin_g",
      "position": {"x": -693.05, "y": 0.0, "z": 493.45},
      "rotation": {"x": 0, "y": 0, "z": 0},
      "scale": {"x": 1.0, "y": 1.0, "z": 1.0},
      "data": 0,
      "spawnFlag": 39,
      "variant": 0,
      "flags": ["interact"],
      "script": null
    },
    {
      "id": 230,
      "object": "coin_g",
      "position": {"x": -706.85, "y": 0.0, "z": 504.8},
      "rotation": {"x": 0, "y": 0, "z": 0},
      "scale": {"x": 1.0, "y": 1.0, "z": 1.0},
      "data": 0,
      "spawnFlag": 40,
      "variant": 0,
      "flags": ["interact"],
      "script": null
    },
    {
      "id": 231,
      "object": "coin_g",
      "position": {"x": -693.05, "y": 0.0, "z": 504.9},
      "rotation": {"x": 0, "y": 0, "z": 0},
      "scale": {"x": 1.0, "y": 1.0, "z": 1.0},
      "data": 0,
      "spawnFlag": 41,
      "variant": 0,
      "flags": ["interact"],
      "script": null
    },
    {
      "id": 232,
      "object": "coin_g",
      "position": {"x": -700.15, "y": 0.0, "z": 499.1},
      "rotation": {"x": 0, "y": 0, "z": 0},
      "scale": {"x": 1.0, "y": 1.0, "z": 1.0},
      "data": 0,
      "spawnFlag": 42,
      "variant": 0,
      "flags": ["interact"],
      "script": null
    },
    {
      "id": 233,
      "object": "coin_g",
      "position": {"x": -706.55, "y": 0.0, "z": 493.5},
      "rotation": {"x": 0, "y": 0, "z": 0},
      "scale": {"x": 1.0, "y": 1.0, "z": 1.0},
      "data": 0,
      "spawnFlag": 43,
      "variant": 0,
      "flags": ["interact"],
      "script": null
    },
    {
      "id": 234,
      "object": "coin_g",
      "position": {"x": -693.05, "y": 0.0, "z": 493.45},
      "rotation": {"x": 0, "y": 0, "z": 0},
      "scale": {"x": 1.0, "y": 1.0, "z": 1.0},
      "data": 0,
      "spawnFlag": 44,
      "variant": 0,
      "flags": ["interact"],
      "script": null
    },
    {
      "id": 235,
      "object": "coin_g",
      "position": {"x": -706.85, "y": 0.0, "z": 504.8},
      "rotation": {"x": 0, "y": 0, "z": 0},
      "scale": {"x": 1.0, "y": 1.0, "z": 1.0},
      "data": 0,
      "spawnFlag": 45,
      "variant": 0,
      "flags": ["interact"],
      "script": null
    },
    {
      "id": 236,
      "object": "coin_g",
      "position": {"x": -693.05, "y": 0.0, "z": 504.9},
      "rotation": {"x": 0, "y": 0, "z": 0},
      "scale": {"x": 1.0, "y": 1.0, "z": 1.0},
      "data": 0,
      "spawnFlag": 46,
      "variant": 0,
      "flags": ["interact"],
      "script": null
    },
    {
      "id": 237,
      "object": "souko_co_under",
      "position": {"x": 132.56, "y": 0.0, "z": 69.62},
      "rotation": {"x": 0, "y": 0, "z": 0},
      "scale": {"x": 1.0, "y": 1.0, "z": 1.0},
      "data": 0,
      "spawnFlag": null,
      "variant": 0,
      "flags": ["spawn", "interact"],
      "script": null
    },
    {
      "id": 238,
      "object": "souko_s_under_obj",
      "position": {"x": 18.98, "y": 0.0, "z": -88.02},
      "rotation": {"x": 0, "y": 0, "z": 0},
      "scale": {"x": 1.0, "y": 1.0, "z": 1.0},
      "data": 0,
      "spawnFlag": null,
      "variant": 0,
      "flags": ["spawn", "interact"],
      "script": null
    },
    {
      "id": 239,
      "object": "souko_obj_a",
      "position": {"x": 0.0, "y": 0.0, "z": 0.0},
      "rotation": {"x": 0, "y": 0, "z": 0},
      "scale": {"x": 1.0, "y": 1.0, "z": 1.0},
      "data": 0,
      "spawnFlag": null,
      "variant": 0,
      "flags": ["spawn", "climb", "clamber", "interact"],
      "script": null
    },
    {
      "id": 240,
      "object": "map_jump_box",
      "position": {"x": -31.91, "y": 0.0, "z": -105.5},
      "rotation": {"x": 0, "y": 0, "z": 0},
      "scale": {"x": 16.4, "y": 3.0, "z": 10.0},
      "data": 0,
      "spawnFlag": null,
      "variant": 0,
      "flags": [],
      "script": null
    },
    {
      "id": 241,
      "object": "coin_c",
      "position": {"x": -92.1, "y": 140.1, "z": 120.42},
      "rotation": {"x": 0, "y": 0, "z": 0},
      "scale": {"x": 1.0, "y": 1.0, "z": 1.0},
      "data": 0,
      "spawnFlag": null,
      "variant": 0,
      "flags": ["spawn", "interact"],
      "script": null
    },
    {
      "id": 242,
      "object": "coin_c",
      "position": {"x": 8.41, "y": 40.0, "z": 119.89},
      "rotation": {"x": 0, "y": 0, "z": 0},
      "scale": {"x": 1.0, "y": 1.0, "z": 1.0},
      "data": 0,
      "spawnFlag": null,
      "variant": 0,
      "flags": ["spawn", "interact"],
      "script": null
    },
    {
      "id": 243,
      "object": "coin_c",
      "position": {"x": -88.16, "y": 120.69, "z": 28.84},
      "rotation": {"x": 0, "y": 0, "z": 0},
      "scale": {"x": 1.0, "y": 1.0, "z": 1.0},
      "data": 0,
      "spawnFlag": null,
      "variant": 0,
      "flags": ["spawn", "interact"],
      "script": null
    },
    {
      "id": 244,
      "object": "npc_decarobo_hand",
      "position": {"x": 0.0, "y": 0.0, "z": 0.0},
      "rotation": {"x": 0, "y": 0, "z": 0},
      "scale": {"x": 1.0, "y": 1.0, "z": 1.0},
      "data": 0,
      "spawnFlag": null,
      "variant": 0,
      "flags": [],
      "script": null
    },
    {
      "id": 245,
      "object": "souko_s_clock_l",
      "position": {"x": -111.63, "y": 88.95, "z": -105.14},
      "rotation": {"x": -10, "y": 65, "z": -9},
      "scale": {"x": 1.0, "y": 1.0, "z": 1.0},
      "data": 0,
      "spawnFlag": null,
      "variant": 0,
      "flags": ["spawn", "interact"],
      "script": null
    },
    {
      "id": 246,
      "object": "souko_s_clock_s",
      "position": {"x": -111.03, "y": 88.98, "z": -104.88},
      "rotation": {"x": -10, "y": 65, "z": -9},
      "scale": {"x": 1.0, "y": 1.0, "z": 1.0},
      "data": 0,
      "spawnFlag": null,
      "variant": 0,
      "flags": ["spawn", "interact"],
      "script": null
    },
    {
      "id": 247,
      "object": "map_jump_box",
      "position": {"x": 23.49, "y": 24.58, "z": -81.1},
      "rotation": {"x": 0, "y": 0, "z": 0},
      "scale": {"x": 1.8, "y": 25.36, "z": 1.83},
      "data": 0,
      "spawnFlag": null,
      "variant": 0,
      "flags": ["spawn", "interact", "projectile"],
      "script": 1384
    },
    {
      "id": 248,
      "object": "fx_pirateboat",
      "position": {"x": -72.0, "y": 0.0, "z": -85.82},
      "rotation": {"x": 0, "y": 0, "z": 0},
      "scale": {"x": 1.0, "y": 1.0, "z": 1.0},
      "data": 0,
      "spawnFlag": null,
      "variant": 0,
      "flags": ["interact"],
      "script": null
    },
    {
      "id": 249,
      "object": "npc_sun_ufo",
      "position": {"x": 32.8, "y": 70.0, "z": 32.68},
      "rotation": {"x": 0, "y": 0, "z": 0},
      "scale": {"x": 1.0, "y": 1.0, "z": 1.0},
      "data": 0,
      "spawnFlag": null,
      "variant": 0,
      "flags": ["interact"],
      "script": null
    },
    {
      "id": 250,
      "object": "npc_sun_ufo",
      "position": {"x": -405.04, "y": 200.0, "z": 211.57},
      "rotation": {"x": 0, "y": 0, "z": 0},
      "scale": {"x": 1.0, "y": 1.0, "z": 1.0},
      "data": 0,
      "spawnFlag": null,
      "variant": 0,
      "flags": ["interact"],
      "script": null
    },
    {
      "id": 251,
      "object": "npc_sun_ufo",
      "position": {"x": -432.43, "y": -200.0, "z": 301.87},
      "rotation": {"x": 0, "y": 0, "z": 0},
      "scale": {"x": 1.0, "y": 1.0, "z": 1.0},
      "data": 0,
      "spawnFlag": null,
      "variant": 0,
      "flags": ["interact"],
      "script": null
    },
    {
      "id": 252,
      "object": "npc_sun_ufo",
      "position": {"x": 161.2, "y": -200.0, "z": -582.12},
      "rotation": {"x": 0, "y": 0, "z": 0},
      "scale": {"x": 1.0, "y": 1.0, "z": 1.0},
      "data": 0,
      "spawnFlag": null,
      "variant": 0,
      "flags": ["interact"],
      "script": null
    },
    {
      "id": 253,
      "object": "npc_sun_ufo",
      "position": {"x": 164.13, "y": -300.0, "z": -86.22},
      "rotation": {"x": 0, "y": 0, "z": 0},
      "scale": {"x": 1.0, "y": 1.0, "z": 1.0},
      "data": 0,
      "spawnFlag": null,
      "variant": 0,
      "flags": ["interact"],
      "script": null
    },
    {
      "id": 254,
      "object": "npc_sun_ufo",
      "position": {"x": -340.93, "y": 200.0, "z": -466.34},
      "rotation": {"x": 0, "y": 0, "z": 0},
      "scale": {"x": 1.0, "y": 1.0, "z": 1.0},
      "data": 0,
      "spawnFlag": null,
      "variant": 0,
      "flags": ["interact"],
      "script": null
    },
    {
      "id": 255,
      "object": "map_jump_box",
      "position": {"x": -33.0, "y": 1.0, "z": -105.5},
      "rotation": {"x": 0, "y": 0, "z": 0},
      "scale": {"x": 14.99, "y": 4.98, "z": 10.0},
      "data": 0,
      "spawnFlag": null,
      "variant": 0,
      "flags": ["interact"],
      "script": null
    },
    {
      "id": 256,
      "object": "map_jump_box",
      "position": {"x": -38.09, "y": 3.0, "z": -105.5},
      "rotation": {"x": 0, "y": 0, "z": 0},
      "scale": {"x": 14.99, "y": 4.98, "z": 10.0},
      "data": 0,
      "spawnFlag": null,
      "variant": 0,
      "flags": ["interact"],
      "script": null
    },
    {
      "id": 257,
      "object": "map_jump_box",
      "position": {"x": -44.94, "y": 5.0, "z": -105.5},
      "rotation": {"x": 0, "y": 0, "z": 0},
      "scale": {"x": 15.2, "y": 4.98, "z": 10.0},
      "data": 0,
      "spawnFlag": null,
      "variant": 0,
      "flags": ["interact"],
      "script": null
    },
    {
      "id": 258,
      "object": "map_jump_box",
      "position": {"x": -50.58, "y": 7.0, "z": -105.5},
      "rotation": {"x": 0, "y": 0, "z": 0},
      "scale": {"x": 15.2, "y": 4.98, "z": 10.0},
      "data": 0,
      "spawnFlag": null,
      "variant": 0,
      "flags": ["interact"],
      "script": null
    },
    {
      "id": 259,
      "object": "map_jump_box",
      "position": {"x": -56.18, "y": 9.0, "z": -105.5},
      "rotation": {"x": 0, "y": 0, "z": 0},
      "scale": {"x": 15.2, "y": 4.98, "z": 10.0},
      "data": 0,
      "spawnFlag": null,
      "variant": 0,
      "flags": ["interact"],
      "script": null
    },
    {
      "id": 260,
      "object": "map_jump_box",
      "position": {"x": -62.19, "y": 11.0, "z": -105.5},
      "rotation": {"x": 0, "y": 0, "z": 0},
      "scale": {"x": 15.2, "y": 4.98, "z": 10.0},
      "data": 0,
      "spawnFlag": null,
      "variant": 0,
      "flags": ["interact"],
      "script": null
    },
    {
      "id": 261,
      "object": "map_jump_box",
      "position": {"x": -68.17, "y": 13.0, "z": -105.5},
      "rotation": {"x": 0, "y": 0, "z": 0},
      "scale": {"x": 15.2, "y": 4.98, "z": 10.0},
      "data": 0,
      "spawnFlag": null,
      "variant": 0,
      "flags": ["interact"],
      "script": null
    },
    {
      "id": 262,
      "object": "map_jump_box",
      "position": {"x": -73.76, "y": 15.0, "z": -105.5},
      "rotation": {"x": 0, "y": 0, "z": 0},
      "scale": {"x": 15.2, "y": 4.98, "z": 10.0},
      "data": 0,
      "spawnFlag": null,
      "variant": 0,
      "flags": ["interact"],
      "script": null
    },
    {
      "id": 263,
      "object": "map_jump_box",
      "position": {"x": -79.74, "y": 17.0, "z": -105.5},
      "rotation": {"x": 0, "y": 0, "z": 0},
      "scale": {"x": 15.2, "y": 4.98, "z": 10.0},
      "data": 0,
      "spawnFlag": null,
      "variant": 0,
      "flags": ["interact"],
      "script": null
    },
    {
      "id": 264,
      "object": "map_jump_box",
      "position": {"x": -85.3, "y": 19.0, "z": -105.5},
      "rotation": {"x": 0, "y": 0, "z": 0},
      "scale": {"x": 15.2, "y": 4.98, "z": 10.0},
      "data": 0,
      "spawnFlag": null,
      "variant": 0,
      "flags": ["interact"],
      "script": null
    },
    {
      "id": 265,
      "object": "map_jump_box",
      "position": {"x": -90.98, "y": 21.0, "z": -105.5},
      "rotation": {"x": 0, "y": 0, "z": 0},
      "scale": {"x": 15.2, "y": 4.98, "z": 10.0},
      "data": 0,
      "spawnFlag": null,
      "variant": 0,
      "flags": ["interact"],
      "script": null
    },
    {
      "id": 266,
      "object": "map_jump_box",
      "position": {"x": -97.06, "y": 23.0, "z": -105.5},
      "rotation": {"x": 0, "y": 0, "z": 0},
      "scale": {"x": 15.2, "y": 4.98, "z": 10.0},
      "data": 0,
      "spawnFlag": null,
      "variant": 0,
      "flags": ["interact"],
      "script": null
    },
    {
      "id": 267,
      "object": "map_jump_box",
      "position": {"x": -102.52, "y": 25.0, "z": -105.5},
      "rotation": {"x": 0, "y": 0, "z": 0},
      "scale": {"x": 15.2, "y": 4.98, "z": 10.0},
      "data": 0,
      "spawnFlag": null,
      "variant": 0,
      "flags": ["interact"],
      "script": null
    },
    {
      "id": 268,
      "object": "map_jump_box",
      "position": {"x": -109.62, "y": 27.0, "z": -105.5},
      "rotation": {"x": 0, "y": 0, "z": 0},
      "scale": {"x": 15.2, "y": 4.98, "z": 10.0},
      "data": 0,
      "spawnFlag": null,
      "variant": 0,
      "flags": ["interact"],
      "script": null
    },
    {
      "id": 269,
      "object": "map_jump_box",
      "position": {"x": -115.22, "y": 29.0, "z": -105.5},
      "rotation": {"x": 0, "y": 0, "z": 0},
      "scale": {"x": 15.2, "y": 4.98, "z": 10.0},
      "data": 0,
      "spawnFlag": null,
      "variant": 0,
      "flags": ["interact"],
      "script": null
    },
    {
      "id": 270,
      "object": "map_jump_box",
      "position": {"x": -120.83, "y": 31.0, "z": -105.5},
      "rotation": {"x": 0, "y": 0, "z": 0},
      "scale": {"x": 15.2, "y": 4.98, "z": 10.0},
      "data": 0,
      "spawnFlag": null,
      "variant": 0,
      "flags": ["interact"],
      "script": null
    },
    {
      "id": 271,
      "object": "souko_obj_c",
      "position": {"x": 0.0, "y": 0.0, "z": 0.0},
      "rotation": {"x": 0, "y": 0, "z": 0},
      "scale": {"x": 1.0, "y": 1.0, "z": 1.0},
      "data": 0,
      "spawnFlag": null,
      "variant": 0,
      "flags": ["spawn", "interact"],
      "script": null
    },
    {
      "id": 272,
      "object": "map_jump_box",
      "position": {"x": 17.94, "y": 5.61, "z": -79.26},
      "rotation": {"x": 0, "y": 0, "z": 0},
      "scale": {"x": 1.63, "y": 23.1, "z": 1.83},
      "data": 0,
      "spawnFlag": null,
      "variant": 0,
      "flags": ["interact"],
      "script": null
    }
  ]
}