{
  "objects": [
    {
      "id": 0,
      "object": "cb_robo",
      "position": {"x": 0.0, "y": 0.0, "z": 80.0},
      "rotation": {"x": 0, "y": 0, "z": 0},
      "scale": {"x": 1.0, "y": 1.0, "z": 1.0},
      "data": 0,
      "spawnFlag": null,
      "variant": 0,
      "flags": ["spawn", "botcam", "reflect", "interact"],
      "script": null
    },
    {
      "id": 1,
      "object": "unk_map_946",
      "position": {"x": 0.0, "y": 0.0, "z": 0.0},
      "rotation": {"x": 0, "y": 0, "z": 0},
      "scale": {"x": 1.0, "y": 1.0, "z": 1.0},
      "data": 0,
      "spawnFlag": null,
      "variant": 0,
      "flags": ["spawn", "interact"],
      "script": null
    },
    {
      "id": 2,
      "object": "unk_free_947",
      "position": {"x": 0.0, "y": 0.0, "z": 0.0},
      "rotation": {"x": 0, "y": 0, "z": 0},
      "scale": {"x": 1.0, "y": 1.0, "z": 1.0},
      "data": 0,
      "spawnFlag": null,
      "variant": 0,
      "flags": ["spawn", "interact"],
      "script": null
    },
    {
      "id": 3,
      "object": "unk_free_948",
      "position": {"x": 17.0, "y": 10.0, "z": 0.0},
      "rotation": {"x": 0, "y": 0, "z": 0},
      "scale": {"x": 1.0, "y": 1.0, "z": 1.0},
      "data": 0,
      "spawnFlag": null,
      "variant": 0,
      "flags": ["spawn", "interact"],
      "script": null
    },
    {
      "id": 4,
      "object": "test_box_12",
      "position": {"x": -20.05, "y": 11.3, "z": -19.93},
      "rotation": {"x": 0, "y": 0, "z": 0},
      "scale": {"x": 0.49, "y": 0.49, "z": 0.49},
      "data": 0,
      "spawnFlag": null,
      "variant": 0,
      "flags": ["spawn", "interact"],
      "script": 1
    }
  ]
}