{
  "objects": [
    {
      "id": 0,
      "object": "cb_robo",
      "position": {"x": 0.0, "y": 0.0, "z": 0.0},
      "rotation": {"x": 0, "y": 180, "z": 0},
      "scale": {"x": 1.0, "y": 1.0, "z": 1.0},
      "data": 0,
      "spawnFlag": null,
      "variant": 0,
      "flags": ["spawn", "botcam", "reflect", "interact"],
      "script": null
    },
    {
      "id": 1,
      "object": "living_map",
      "position": {"x": 0.0, "y": 0.0, "z": 0.0},
      "rotation": {"x": 0, "y": 0, "z": 0},
      "scale": {"x": 1.0, "y": 1.0, "z": 1.0},
      "data": 0,
      "spawnFlag": null,
      "variant": 0,
      "flags": ["spawn", "botcam", "interact"],
      "script": null
    },
    {
      "id": 2,
      "object": "living_danro",
      "position": {"x": -228.01, "y": 0.0, "z": -326.46},
      "rotation": {"x": 0, "y": 45, "z": 0},
      "scale": {"x": 1.0, "y": 1.0, "z": 1.0},
      "data": 0,
      "spawnFlag": null,
      "variant": 0,
      "flags": ["spawn", "climb", "clamber", "interact"],
      "script": null
    },
    {
      "id": 3,
      "object": "living_shelf_b",
      "position": {"x": 17.99, "y": 0.0, "z": 359.56},
      "rotation": {"x": 0, "y": 0, "z": 0},
      "scale": {"x": 1.0, "y": 1.0, "z": 1.0},
      "data": 0,
      "spawnFlag": null,
      "variant": 0,
      "flags": ["spawn", "pushblock", "climb", "clamber", "interact"],
      "script": null
    },
    {
      "id": 4,
      "object": "living_shelf_dan",
      "position": {"x": -242.08, "y": 0.0, "z": -171.74},
      "rotation": {"x": 0, "y": 90, "z": 0},
      "scale": {"x": 1.0, "y": 1.0, "z": 1.0},
      "data": 0,
      "spawnFlag": null,
      "variant": 0,
      "flags": ["spawn", "climb", "clamber", "interact"],
      "script": null
    },
    {
      "id": 5,
      "object": "living_sidetable",
      "position": {"x": 72.0, "y": 0.0, "z": -89.0},
      "rotation": {"x": 0, "y": 0, "z": 0},
      "scale": {"x": 0.4, "y": 1.11, "z": 0.4},
      "data": 0,
      "spawnFlag": null,
      "variant": 0,
      "flags": ["spawn", "pushblock", "climb", "clamber", "interact"],
      "script": null
    },
    {
      "id": 6,
      "object": "living_sofa_1",
      "position": {"x": 32.46, "y": 0.0, "z": -148.19},
      "rotation": {"x": 0, "y": -45, "z": 0},
      "scale": {"x": 1.0, "y": 1.0, "z": 1.0},
      "data": 0,
      "spawnFlag": null,
      "variant": 0,
      "flags": ["spawn", "pushblock", "climb", "clamber", "interact"],
      "script": null
    },
    {
      "id": 7,
      "object": "living_sofa_2",
      "position": {"x": 143.22, "y": 0.0, "z": 10.96},
      "rotation": {"x": 0, "y": -89, "z": 0},
      "scale": {"x": 1.0, "y": 1.0, "z": 1.0},
      "data": 0,
      "spawnFlag": null,
      "variant": 0,
      "flags": ["spawn", "pushblock", "climb", "clamber", "interact"],
      "script": null
    },
    {
      "id": 8,
      "object": "living_standlight",
      "position": {"x": 238.99, "y": 0.0, "z": -151.24},
      "rotation": {"x": 0, "y": 0, "z": 0},
      "scale": {"x": 1.0, "y": 1.0, "z": 1.0},
      "data": 0,
      "spawnFlag": null,
      "variant": 0,
      "flags": ["spawn", "climb", "clamber", "interact"],
      "script": null
    },
    {
      "id": 9,
      "object": "living_table",
      "position": {"x": -13.38, "y": 0.0, "z": 8.3},
      "rotation": {"x": 0, "y": 89, "z": 0},
      "scale": {"x": 1.0, "y": 1.0, "z": 1.0},
      "data": 0,
      "spawnFlag": null,
      "variant": 0,
      "flags": ["spawn", "pushblock", "climb", "clamber", "interact"],
      "script": null
    },
    {
      "id": 10,
      "object": "living_tv",
      "position": {"x": -237.02, "y": 0.0, "z": 28.0},
      "rotation": {"x": 0, "y": 90, "z": 0},
      "scale": {"x": 1.0, "y": 1.0, "z": 1.0},
      "data": 0,
      "spawnFlag": null,
      "variant": 0,
      "flags": ["spawn", "pushblock", "climb", "clamber", "interact"],
      "script": null
    },
    {
      "id": 11,
      "object": "living_wall",
      "position": {"x": 0.0, "y": 0.0, "z": 0.0},
      "rotation": {"x": 0, "y": 0, "z": 0},
      "scale": {"x": 1.0, "y": 1.0, "z": 1.0},
      "data": 0,
      "spawnFlag": null,
      "variant": 0,
      "flags": ["spawn", "reflect", "climb", "clamber", "interact"],
      "script": null
    },
    {
      "id": 12,
      "object": "living_window",
      "position": {"x": 318.23, "y": 0.0, "z": 134.0},
      "rotation": {"x": 0, "y": -89, "z": 0},
      "scale": {"x": 1.0, "y": 1.0, "z": 1.0},
      "data": 0,
      "spawnFlag": null,
      "variant": 0,
      "flags": ["spawn", "climb", "clamber", "interact"],
      "script": null
    },
    {
      "id": 13,
      "object": "npc_jenny",
      "position": {"x": 59.74, "y": 0.0, "z": 27.76},
      "rotation": {"x": 0, "y": 270, "z": 0},
      "scale": {"x": 1.0, "y": 1.0, "z": 1.0},
      "data": 0,
      "spawnFlag": null,
      "variant": 0,
      "flags": ["pushblock", "interact"],
      "script": null
    },
    {
      "id": 14,
      "object": "npc_tao",
      "position": {"x": 64.0, "y": -1.0, "z": 85.76},
      "rotation": {"x": 0, "y": -120, "z": 0},
      "scale": {"x": 1.0, "y": 1.0, "z": 1.0},
      "data": 0,
      "spawnFlag": null,
      "variant": 0,
      "flags": ["lowpri", "pushblock", "interact"],
      "script": null
    },
    {
      "id": 15,
      "object": "chibi_house",
      "position": {"x": -43.6, "y": 0.0, "z": -345.25},
      "rotation": {"x": 0, "y": 0, "z": 0},
      "scale": {"x": 1.0, "y": 1.0, "z": 1.0},
      "data": 0,
      "spawnFlag": null,
      "variant": 0,
      "flags": ["spawn", "opaque", "interact"],
      "script": null
    },
    {
      "id": 16,
      "object": "chibi_jump",
      "position": {"x": -43.56, "y": 0.0, "z": -346.37},
      "rotation": {"x": 0, "y": 0, "z": 0},
      "scale": {"x": 1.0, "y": 10.0, "z": 1.0},
      "data": 0,
      "spawnFlag": null,
      "variant": 0,
      "flags": ["spawn", "lowpri", "touch"],
      "script": null
    },
    {
      "id": 17,
      "object": "npc_tonpy",
      "position": {"x": -14.69, "y": 53.0, "z": 39.25},
      "rotation": {"x": 0, "y": 180, "z": 0},
      "scale": {"x": 1.0, "y": 1.0, "z": 1.0},
      "data": 0,
      "spawnFlag": null,
      "variant": 1,
      "flags": ["opaque", "interact"],
      "script": 84
    },
    {
      "id": 18,
      "object": "npc_mama",
      "position": {"x": 66.93, "y": 0.0, "z": -39.0},
      "rotation": {"x": 0, "y": 290, "z": 0},
      "scale": {"x": 1.0, "y": 1.0, "z": 1.0},
      "data": 0,
      "spawnFlag": null,
      "variant": 0,
      "flags": ["pushblock", "interact"],
      "script": null
    },
    {
      "id": 19,
      "object": "item_frog_ring",
      "position": {"x": -231.42, "y": 24.27, "z": -61.97},
      "rotation": {"x": -35, "y": 90, "z": 0},
      "scale": {"x": 1.0, "y": 1.0, "z": 1.0},
      "data": 0,
      "spawnFlag": 1,
      "variant": 0,
      "flags": ["spawn", "flash", "cull", "lift", "interact"],
      "script": null
    },
    {
      "id": 20,
      "object": "item_frog_ring",
      "position": {"x": -266.7, "y": 140.99, "z": -168.44},
      "rotation": {"x": -30, "y": 45, "z": 0},
      "scale": {"x": 1.0, "y": 1.0, "z": 1.0},
      "data": 0,
      "spawnFlag": 2,
      "variant": 0,
      "flags": ["spawn", "flash", "cull", "lift", "interact"],
      "script": null
    },
    {
      "id": 21,
      "object": "item_frog_ring",
      "position": {"x": -252.52, "y": 27.92, "z": 88.37},
      "rotation": {"x": -15, "y": 50, "z": 20},
      "scale": {"x": 1.0, "y": 1.0, "z": 1.0},
      "data": 0,
      "spawnFlag": 3,
      "variant": 0,
      "flags": ["spawn", "flash", "cull", "lift", "interact"],
      "script": null
    },
    {
      "id": 22,
      "object": "living_books_1",
      "position": {"x": -23.15, "y": 2.0, "z": -188.78},
      "rotation": {"x": 0, "y": -12, "z": 0},
      "scale": {"x": 1.0, "y": 1.0, "z": 1.0},
      "data": 0,
      "spawnFlag": null,
      "variant": 0,
      "flags": ["spawn", "climb", "clamber", "interact"],
      "script": null
    },
    {
      "id": 23,
      "object": "living_books_2",
      "position": {"x": 56.95, "y": 43.95, "z": -140.0},
      "rotation": {"x": 0, "y": -51, "z": 0},
      "scale": {"x": 1.0, "y": 1.0, "z": 1.0},
      "data": 0,
      "spawnFlag": null,
      "variant": 0,
      "flags": ["spawn", "climb", "clamber", "interact"],
      "script": null
    },
    {
      "id": 24,
      "object": "living_sofa_hashigo",
      "position": {"x": 31.76, "y": 56.0, "z": -193.76},
      "rotation": {"x": 0, "y": -135, "z": 0},
      "scale": {"x": 1.0, "y": 1.0, "z": 1.0},
      "data": 0,
      "spawnFlag": null,
      "variant": 0,
      "flags": ["spawn", "ladder", "interact"],
      "script": null
    },
    {
      "id": 25,
      "object": "living_sofa_hashigo",
      "position": {"x": 77.68, "y": 55.94, "z": -147.53},
      "rotation": {"x": 0, "y": 45, "z": 0},
      "scale": {"x": 1.0, "y": 1.0, "z": 1.0},
      "data": 0,
      "spawnFlag": null,
      "variant": 0,
      "flags": ["spawn", "ladder", "interact"],
      "script": null
    },
    {
      "id": 26,
      "object": "living_sofa_hashigo",
      "position": {"x": 173.27, "y": 55.77, "z": -86.43},
      "rotation": {"x": 0, "y": -180, "z": 0},
      "scale": {"x": 1.0, "y": 1.0, "z": 1.0},
      "data": 0,
      "spawnFlag": null,
      "variant": 0,
      "flags": ["spawn", "ladder", "interact"],
      "script": null
    },
    {
      "id": 27,
      "object": "living_sofa_hashigo",
      "position": {"x": 176.41, "y": 55.9, "z": 107.09},
      "rotation": {"x": 0, "y": 0, "z": 0},
      "scale": {"x": 1.0, "y": 1.0, "z": 1.0},
      "data": 0,
      "spawnFlag": null,
      "variant": 0,
      "flags": ["spawn", "ladder", "interact"],
      "script": null
    },
    {
      "id": 28,
      "object": "coin_c",
      "position": {"x": -47.9, "y": 40.08, "z": 69.37},
      "rotation": {"x": 0, "y": 0, "z": 0},
      "scale": {"x": 1.0, "y": 1.0, "z": 1.0},
      "data": 0,
      "spawnFlag": 1,
      "variant": 0,
      "flags": ["spawn", "opaque", "cull", "interact"],
      "script": null
    },
    {
      "id": 29,
      "object": "coin_c",
      "position": {"x": -252.19, "y": 0.3, "z": -89.81},
      "rotation": {"x": 0, "y": 0, "z": 0},
      "scale": {"x": 1.0, "y": 1.0, "z": 1.0},
      "data": 0,
      "spawnFlag": 2,
      "variant": 0,
      "flags": ["spawn", "opaque", "cull", "interact"],
      "script": null
    },
    {
      "id": 30,
      "object": "coin_c",
      "position": {"x": -271.91, "y": 12.0, "z": 45.13},
      "rotation": {"x": 0, "y": 0, "z": 0},
      "scale": {"x": 1.0, "y": 1.0, "z": 1.0},
      "data": 0,
      "spawnFlag": 3,
      "variant": 0,
      "flags": ["spawn", "opaque", "cull", "interact"],
      "script": null
    },
    {
      "id": 31,
      "object": "coin_c",
      "position": {"x": -227.34, "y": 76.58, "z": -121.02},
      "rotation": {"x": 0, "y": 0, "z": 0},
      "scale": {"x": 1.0, "y": 1.0, "z": 1.0},
      "data": 0,
      "spawnFlag": 4,
      "variant": 0,
      "flags": ["spawn", "opaque", "cull", "interact"],
      "script": null
    },
    {
      "id": 32,
      "object": "coin_c",
      "position": {"x": -227.86, "y": 76.5, "z": -106.26},
      "rotation": {"x": 0, "y": 0, "z": 0},
      "scale": {"x": 1.0, "y": 1.0, "z": 1.0},
      "data": 0,
      "spawnFlag": 5,
      "variant": 0,
      "flags": ["spawn", "opaque", "cull", "interact"],
      "script": null
    },
    {
      "id": 33,
      "object": "coin_c",
      "position": {"x": 37.5, "y": 97.0, "z": -188.51},
      "rotation": {"x": 0, "y": 0, "z": 0},
      "scale": {"x": 1.0, "y": 1.0, "z": 1.0},
      "data": 0,
      "spawnFlag": 6,
      "variant": 0,
      "flags": ["spawn", "opaque", "cull", "interact"],
      "script": null
    },
    {
      "id": 34,
      "object": "coin_c",
      "position": {"x": 155.92, "y": 0.5, "z": -29.2},
      "rotation": {"x": 0, "y": 0, "z": 0},
      "scale": {"x": 1.0, "y": 1.0, "z": 1.0},
      "data": 0,
      "spawnFlag": 7,
      "variant": 0,
      "flags": ["spawn", "opaque", "cull", "interact"],
      "script": null
    },
    {
      "id": 35,
      "object": "coin_c",
      "position": {"x": 174.79, "y": 96.39, "z": 9.18},
      "rotation": {"x": 0, "y": 0, "z": 0},
      "scale": {"x": 1.0, "y": 1.0, "z": 1.0},
      "data": 0,
      "spawnFlag": 8,
      "variant": 0,
      "flags": ["spawn", "opaque", "cull", "interact"],
      "script": null
    },
    {
      "id": 36,
      "object": "coin_c",
      "position": {"x": 174.81, "y": 96.39, "z": 16.39},
      "rotation": {"x": 0, "y": 0, "z": 0},
      "scale": {"x": 1.0, "y": 1.0, "z": 1.0},
      "data": 0,
      "spawnFlag": 9,
      "variant": 0,
      "flags": ["spawn", "opaque", "cull", "interact"],
      "script": null
    },
    {
      "id": 37,
      "object": "coin_c",
      "position": {"x": 174.87, "y": 96.39, "z": 1.91},
      "rotation": {"x": 0, "y": 0, "z": 0},
      "scale": {"x": 1.0, "y": 1.0, "z": 1.0},
      "data": 0,
      "spawnFlag": 10,
      "variant": 0,
      "flags": ["spawn", "opaque", "cull", "interact"],
      "script": null
    },
    {
      "id": 38,
      "object": "coin_s",
      "position": {"x": 68.83, "y": 55.6, "z": -92.01},
      "rotation": {"x": 0, "y": 0, "z": 0},
      "scale": {"x": 1.0, "y": 1.0, "z": 1.0},
      "data": 0,
      "spawnFlag": 11,
      "variant": 0,
      "flags": ["spawn", "opaque", "cull", "interact"],
      "script": null
    },
    {
      "id": 39,
      "object": "coin_s",
      "position": {"x": 214.86, "y": 88.69, "z": 187.92},
      "rotation": {"x": 0, "y": 0, "z": 0},
      "scale": {"x": 1.0, "y": 1.0, "z": 1.0},
      "data": 0,
      "spawnFlag": 12,
      "variant": 0,
      "flags": ["spawn", "opaque", "cull", "interact"],
      "script": null
    },
    {
      "id": 40,
      "object": "living_sofa_cu_1",
      "position": {"x": 139.74, "y": 44.87, "z": -67.58},
      "rotation": {"x": 0, "y": 7, "z": 0},
      "scale": {"x": 0.9, "y": 1.0, "z": 0.9},
      "data": 0,
      "spawnFlag": null,
      "variant": 0,
      "flags": ["spawn", "climb", "clamber", "interact"],
      "script": null
    },
    {
      "id": 41,
      "object": "living_sofa_cu_2",
      "position": {"x": 145.24, "y": 65.69, "z": 9.89},
      "rotation": {"x": 0, "y": -90, "z": 0},
      "scale": {"x": 1.0, "y": 1.0, "z": 1.0},
      "data": 0,
      "spawnFlag": null,
      "variant": 0,
      "flags": ["spawn", "climb", "clamber", "interact"],
      "script": null
    },
    {
      "id": 42,
      "object": "socket",
      "position": {"x": -12.34, "y": 18.61, "z": -374.21},
      "rotation": {"x": 0, "y": 0, "z": 0},
      "scale": {"x": 1.0, "y": 1.0, "z": 1.0},
      "data": 0,
      "spawnFlag": null,
      "variant": 0,
      "flags": ["spawn", "opaque", "interact"],
      "script": null
    },
    {
      "id": 43,
      "object": "socket",
      "position": {"x": -273.48, "y": 18.61, "z": -27.52},
      "rotation": {"x": 0, "y": 90, "z": 0},
      "scale": {"x": 1.0, "y": 1.0, "z": 1.0},
      "data": 0,
      "spawnFlag": null,
      "variant": 0,
      "flags": ["spawn", "opaque", "interact"],
      "script": null
    },
    {
      "id": 44,
      "object": "socket",
      "position": {"x": 273.5, "y": 18.61, "z": -193.29},
      "rotation": {"x": 0, "y": -90, "z": 0},
      "scale": {"x": 1.0, "y": 1.0, "z": 1.0},
      "data": 0,
      "spawnFlag": null,
      "variant": 0,
      "flags": ["spawn", "opaque", "interact"],
      "script": null
    },
    {
      "id": 45,
      "object": "living_table_foot",
      "position": {"x": -13.38, "y": 0.0, "z": 8.3},
      "rotation": {"x": 0, "y": 89, "z": 0},
      "scale": {"x": 1.0, "y": 1.0, "z": 1.0},
      "data": 0,
      "spawnFlag": null,
      "variant": 0,
      "flags": ["spawn", "interact"],
      "script": null
    },
    {
      "id": 46,
      "object": "living_mat",
      "position": {"x": 0.0, "y": 0.0, "z": 0.0},
      "rotation": {"x": 0, "y": 0, "z": 0},
      "scale": {"x": 1.0, "y": 1.0, "z": 1.0},
      "data": 0,
      "spawnFlag": null,
      "variant": 0,
      "flags": ["spawn", "pushblock", "interact"],
      "script": null
    },
    {
      "id": 47,
      "object": "living_tub",
      "position": {"x": 5.37, "y": 0.0, "z": -353.56},
      "rotation": {"x": 0, "y": 0, "z": 0},
      "scale": {"x": 1.0, "y": 1.0, "z": 1.0},
      "data": 0,
      "spawnFlag": null,
      "variant": 0,
      "flags": ["spawn", "interact"],
      "script": null
    },
    {
      "id": 48,
      "object": "socket",
      "position": {"x": -277.0, "y": 155.27, "z": -81.12},
      "rotation": {"x": 0, "y": 90, "z": 0},
      "scale": {"x": 1.0, "y": 1.0, "z": 1.0},
      "data": 0,
      "spawnFlag": null,
      "variant": 0,
      "flags": ["spawn", "opaque", "interact"],
      "script": null
    },
    {
      "id": 49,
      "object": "socket",
      "position": {"x": -167.88, "y": 118.61, "z": 373.51},
      "rotation": {"x": 0, "y": 180, "z": 0},
      "scale": {"x": 1.0, "y": 1.0, "z": 1.0},
      "data": 0,
      "spawnFlag": null,
      "variant": 0,
      "flags": ["spawn", "opaque", "interact"],
      "script": null
    },
    {
      "id": 50,
      "object": "npc_papa",
      "position": {"x": -9.66, "y": 0.0, "z": 141.41},
      "rotation": {"x": 0, "y": 180, "z": 0},
      "scale": {"x": 1.0, "y": 1.0, "z": 1.0},
      "data": 0,
      "spawnFlag": null,
      "variant": 0,
      "flags": ["interact"],
      "script": null
    },
    {
      "id": 51,
      "object": "npc_fafa",
      "position": {"x": 112.69, "y": 39.18, "z": -8.84},
      "rotation": {"x": 0, "y": -116, "z": 1},
      "scale": {"x": 1.0, "y": 1.0, "z": 1.0},
      "data": 0,
      "spawnFlag": null,
      "variant": 0,
      "flags": ["spawn", "interact"],
      "script": null
    },
    {
      "id": 52,
      "object": "living_shelf_dan_box",
      "position": {"x": -256.15, "y": 61.01, "z": -82.37},
      "rotation": {"x": 0, "y": 90, "z": 0},
      "scale": {"x": 1.0, "y": 1.0, "z": 1.0},
      "data": 0,
      "spawnFlag": null,
      "variant": 0,
      "flags": ["spawn", "climb", "clamber", "interact"],
      "script": null
    },
    {
      "id": 53,
      "object": "living_shelf_dan_dai",
      "position": {"x": -244.32, "y": 61.05, "z": -113.37},
      "rotation": {"x": 0, "y": 90, "z": 0},
      "scale": {"x": 1.0, "y": 1.0, "z": 1.0},
      "data": 0,
      "spawnFlag": null,
      "variant": 0,
      "flags": ["spawn", "climb", "clamber", "interact"],
      "script": null
    },
    {
      "id": 54,
      "object": "living_shelf_dan_book",
      "position": {"x": -237.68, "y": 61.29, "z": -77.3},
      "rotation": {"x": 0, "y": 90, "z": 0},
      "scale": {"x": 1.0, "y": 1.0, "z": 1.0},
      "data": 0,
      "spawnFlag": null,
      "variant": 0,
      "flags": ["spawn", "climb", "clamber", "interact"],
      "script": null
    },
    {
      "id": 55,
      "object": "living_door",
      "position": {"x": -284.01, "y": 0.0, "z": 230.0},
      "rotation": {"x": 0, "y": 90, "z": 0},
      "scale": {"x": 1.0, "y": 1.0, "z": 1.0},
      "data": 0,
      "spawnFlag": null,
      "variant": 0,
      "flags": ["spawn", "interact"],
      "script": null
    },
    {
      "id": 56,
      "object": "living_wall_shelf_1",
      "position": {"x": -103.0, "y": 37.98, "z": -365.19},
      "rotation": {"x": 0, "y": 0, "z": 0},
      "scale": {"x": 1.0, "y": 1.0, "z": 1.0},
      "data": 0,
      "spawnFlag": null,
      "variant": 0,
      "flags": ["spawn", "climb", "clamber", "interact"],
      "script": null
    },
    {
      "id": 57,
      "object": "living_tel",
      "position": {"x": -258.31, "y": 99.17, "z": 110.25},
      "rotation": {"x": 0, "y": 90, "z": 0},
      "scale": {"x": 1.0, "y": 1.0, "z": 1.0},
      "data": 0,
      "spawnFlag": null,
      "variant": 0,
      "flags": ["spawn", "climb", "clamber", "interact"],
      "script": null
    },
    {
      "id": 58,
      "object": "living_tel_counter",
      "position": {"x": -275.51, "y": 0.0, "z": 30.85},
      "rotation": {"x": 0, "y": -90, "z": 0},
      "scale": {"x": 1.0, "y": 1.0, "z": 1.0},
      "data": 0,
      "spawnFlag": null,
      "variant": 0,
      "flags": ["spawn", "climb", "clamber", "interact"],
      "script": null
    },
    {
      "id": 59,
      "object": "living_tel_j",
      "position": {"x": -268.18, "y": 122.97, "z": 110.03},
      "rotation": {"x": 0, "y": 90, "z": 0},
      "scale": {"x": 1.0, "y": 1.0, "z": 1.0},
      "data": 0,
      "spawnFlag": null,
      "variant": 0,
      "flags": ["spawn", "climb", "clamber", "interact"],
      "script": null
    },
    {
      "id": 60,
      "object": "living_wall_counter",
      "position": {"x": 0.0, "y": 0.0, "z": 0.0},
      "rotation": {"x": 0, "y": 0, "z": 0},
      "scale": {"x": 1.0, "y": 1.0, "z": 1.0},
      "data": 0,
      "spawnFlag": null,
      "variant": 0,
      "flags": ["spawn", "climb", "clamber", "interact"],
      "script": null
    },
    {
      "id": 61,
      "object": "living_shelf_w",
      "position": {"x": 249.98, "y": 16.75, "z": 255.91},
      "rotation": {"x": 0, "y": 180, "z": 0},
      "scale": {"x": 1.0, "y": 1.0, "z": 1.0},
      "data": 0,
      "spawnFlag": null,
      "variant": 0,
      "flags": ["spawn", "climb", "clamber", "interact"],
      "script": null
    },
    {
      "id": 62,
      "object": "living_wall_up",
      "position": {"x": 0.0, "y": 0.0, "z": 0.0},
      "rotation": {"x": 0, "y": 0, "z": 0},
      "scale": {"x": 1.0, "y": 1.0, "z": 1.0},
      "data": 0,
      "spawnFlag": null,
      "variant": 0,
      "flags": ["spawn", "climb", "clamber", "interact"],
      "script": null
    },
    {
      "id": 63,
      "object": "living_shelf_slope",
      "position": {"x": 241.84, "y": 0.0, "z": -271.03},
      "rotation": {"x": 0, "y": -90, "z": 0},
      "scale": {"x": 1.0, "y": 1.0, "z": 1.0},
      "data": 0,
      "spawnFlag": null,
      "variant": 0,
      "flags": ["spawn", "climb", "clamber", "interact"],
      "script": null
    },
    {
      "id": 64,
      "object": "living_flowerclock",
      "position": {"x": -2.0, "y": 0.0, "z": 319.95},
      "rotation": {"x": 0, "y": 0, "z": 0},
      "scale": {"x": 1.0, "y": 1.0, "z": 1.0},
      "data": 0,
      "spawnFlag": null,
      "variant": 0,
      "flags": ["spawn", "interact"],
      "script": null
    },
    {
      "id": 65,
      "object": "house_r_chibi_h_door_1",
      "position": {"x": -275.09, "y": 62.64, "z": -163.82},
      "rotation": {"x": 0, "y": 90, "z": 0},
      "scale": {"x": 1.0, "y": 1.0, "z": 1.0},
      "data": 0,
      "spawnFlag": null,
      "variant": 0,
      "flags": ["spawn", "opaque", "climb", "clamber", "interact"],
      "script": null
    },
    {
      "id": 66,
      "object": "house_r_chibi_h_door_1",
      "position": {"x": -103.25, "y": 55.59, "z": -374.34},
      "rotation": {"x": 0, "y": 0, "z": 0},
      "scale": {"x": 1.0, "y": 1.0, "z": 1.09},
      "data": 0,
      "spawnFlag": null,
      "variant": 0,
      "flags": ["spawn", "opaque", "climb", "clamber", "interact"],
      "script": null
    },
    {
      "id": 67,
      "object": "house_r_chibi_h_door_1",
      "position": {"x": -208.06, "y": 26.69, "z": 364.94},
      "rotation": {"x": 0, "y": 180, "z": 0},
      "scale": {"x": 1.0, "y": 1.0, "z": 1.0},
      "data": 0,
      "spawnFlag": null,
      "variant": 0,
      "flags": ["spawn", "opaque", "climb", "clamber", "interact"],
      "script": null
    },
    {
      "id": 68,
      "object": "house_r_chibi_h_door_1",
      "position": {"x": -172.92, "y": 161.58, "z": -346.4},
      "rotation": {"x": 0, "y": 44, "z": 0},
      "scale": {"x": 1.0, "y": 1.0, "z": 1.0},
      "data": 0,
      "spawnFlag": null,
      "variant": 0,
      "flags": ["spawn", "opaque", "climb", "clamber", "interact"],
      "script": null
    },
    {
      "id": 69,
      "object": "house_r_chibi_h_door_1",
      "position": {"x": -274.82, "y": 101.46, "z": 145.64},
      "rotation": {"x": 0, "y": 90, "z": 0},
      "scale": {"x": 1.0, "y": 1.0, "z": 1.0},
      "data": 0,
      "spawnFlag": null,
      "variant": 0,
      "flags": ["spawn", "opaque", "climb", "clamber", "interact"],
      "script": null
    },
    {
      "id": 70,
      "object": "house_r_chibi_h_door_1",
      "position": {"x": 270.24, "y": 22.5, "z": 257.16},
      "rotation": {"x": 0, "y": -90, "z": 0},
      "scale": {"x": 1.0, "y": 1.0, "z": 1.0},
      "data": 0,
      "spawnFlag": null,
      "variant": 0,
      "flags": ["spawn", "opaque", "climb", "clamber", "interact"],
      "script": null
    },
    {
      "id": 71,
      "object": "house_r_chibi_h_door_1",
      "position": {"x": 241.18, "y": 177.5, "z": -332.99},
      "rotation": {"x": 0, "y": 0, "z": 0},
      "scale": {"x": 1.0, "y": 1.0, "z": 1.0},
      "data": 0,
      "spawnFlag": null,
      "variant": 0,
      "flags": ["spawn", "opaque", "climb", "clamber", "interact"],
      "script": null
    },
    {
      "id": 72,
      "object": "house_r_chibi_h_door_1",
      "position": {"x": 92.17, "y": 137.49, "z": 341.65},
      "rotation": {"x": 0, "y": 180, "z": 0},
      "scale": {"x": 1.0, "y": 1.0, "z": 1.0},
      "data": 0,
      "spawnFlag": null,
      "variant": 0,
      "flags": ["spawn", "opaque", "climb", "clamber", "interact"],
      "script": null
    },
    {
      "id": 73,
      "object": "living_kaiga_j",
      "position": {"x": -273.17, "y": 138.0, "z": -188.31},
      "rotation": {"x": 0, "y": 90, "z": 0},
      "scale": {"x": 1.34, "y": 1.34, "z": 1.34},
      "data": 0,
      "spawnFlag": null,
      "variant": 0,
      "flags": ["spawn", "climb", "clamber", "interact"],
      "script": null
    },
    {
      "id": 74,
      "object": "living_bg",
      "position": {"x": 15.97, "y": -3.0, "z": 0.0},
      "rotation": {"x": 0, "y": 0, "z": 0},
      "scale": {"x": 1.0, "y": 1.0, "z": 1.0},
      "data": 0,
      "spawnFlag": null,
      "variant": 0,
      "flags": ["spawn", "climb", "interact"],
      "script": null
    },
    {
      "id": 75,
      "object": "living_trashbox",
      "position": {"x": 167.21, "y": 0.0, "z": 326.94},
      "rotation": {"x": 0, "y": 0, "z": 0},
      "scale": {"x": 1.0, "y": 1.0, "z": 1.0},
      "data": 0,
      "spawnFlag": null,
      "variant": 0,
      "flags": ["spawn", "cull", "interact"],
      "script": null
    },
    {
      "id": 76,
      "object": "item_kami_kuzu",
      "position": {"x": 183.17, "y": -1.1, "z": 299.73},
      "rotation": {"x": 0, "y": 120, "z": 0},
      "scale": {"x": 1.0, "y": 1.0, "z": 1.0},
      "data": 0,
      "spawnFlag": 4,
      "variant": 0,
      "flags": ["spawn", "flash", "cull", "lift", "interact"],
      "script": null
    },
    {
      "id": 77,
      "object": "item_cookie_kakera",
      "position": {"x": 222.72, "y": 79.6, "z": -225.15},
      "rotation": {"x": 0, "y": 0, "z": 0},
      "scale": {"x": 1.0, "y": 1.0, "z": 1.0},
      "data": 0,
      "spawnFlag": 5,
      "variant": 0,
      "flags": ["spawn", "flash", "cull", "lift", "interact"],
      "script": null
    },
    {
      "id": 78,
      "object": "living_tana_ana",
      "position": {"x": -242.08, "y": 0.0, "z": -171.74},
      "rotation": {"x": 0, "y": 90, "z": 0},
      "scale": {"x": 1.0, "y": 1.0, "z": 1.0},
      "data": 0,
      "spawnFlag": null,
      "variant": 0,
      "flags": ["spawn", "interact", "projectile"],
      "script": null
    },
    {
      "id": 79,
      "object": "living_wall_corner",
      "position": {"x": 0.0, "y": 0.0, "z": 0.0},
      "rotation": {"x": 0, "y": 0, "z": 0},
      "scale": {"x": 1.0, "y": 1.0, "z": 1.0},
      "data": 0,
      "spawnFlag": null,
      "variant": 0,
      "flags": ["spawn", "interact"],
      "script": null
    },
    {
      "id": 80,
      "object": "living_co_under",
      "position": {"x": -12.35, "y": 0.0, "z": -371.63},
      "rotation": {"x": 0, "y": 0, "z": 0},
      "scale": {"x": 1.0, "y": 1.0, "z": 1.0},
      "data": 0,
      "spawnFlag": null,
      "variant": 0,
      "flags": ["spawn", "interact"],
      "script": null
    },
    {
      "id": 81,
      "object": "living_co_under",
      "position": {"x": 272.0, "y": 0.0, "z": -193.32},
      "rotation": {"x": 0, "y": -90, "z": 0},
      "scale": {"x": 1.0, "y": 1.0, "z": 1.0},
      "data": 0,
      "spawnFlag": null,
      "variant": 0,
      "flags": ["spawn", "interact"],
      "script": null
    },
    {
      "id": 82,
      "object": "living_co_under",
      "position": {"x": -272.0, "y": 0.0, "z": -27.48},
      "rotation": {"x": 0, "y": 90, "z": 0},
      "scale": {"x": 1.0, "y": 1.0, "z": 1.0},
      "data": 0,
      "spawnFlag": null,
      "variant": 0,
      "flags": ["spawn", "interact"],
      "script": null
    },
    {
      "id": 83,
      "object": "living_window_kazari",
      "position": {"x": 276.5, "y": 0.0, "z": 56.0},
      "rotation": {"x": 0, "y": 0, "z": 0},
      "scale": {"x": 1.0, "y": 1.0, "z": 1.0},
      "data": 0,
      "spawnFlag": null,
      "variant": 0,
      "flags": ["spawn", "interact"],
      "script": null
    },
    {
      "id": 84,
      "object": "living_gabyou",
      "position": {"x": -269.46, "y": 138.0, "z": -147.42},
      "rotation": {"x": 0, "y": 89, "z": 0},
      "scale": {"x": 1.0, "y": 1.0, "z": 1.0},
      "data": 0,
      "spawnFlag": null,
      "variant": 0,
      "flags": ["spawn", "ladder", "interact"],
      "script": null
    },
    {
      "id": 85,
      "object": "living_orange_glass",
      "position": {"x": 9.82, "y": 39.99, "z": -19.66},
      "rotation": {"x": 0, "y": 41, "z": 0},
      "scale": {"x": 1.0, "y": 1.0, "z": 1.0},
      "data": 0,
      "spawnFlag": null,
      "variant": 0,
      "flags": ["spawn", "interact"],
      "script": null
    },
    {
      "id": 86,
      "object": "living_orange_bin",
      "position": {"x": -1.84, "y": 39.78, "z": -18.76},
      "rotation": {"x": 0, "y": 0, "z": 0},
      "scale": {"x": 1.0, "y": 1.0, "z": 1.0},
      "data": 0,
      "spawnFlag": null,
      "variant": 0,
      "flags": ["spawn", "interact"],
      "script": null
    },
    {
      "id": 87,
      "object": "living_cham_glass",
      "position": {"x": -5.21, "y": 39.91, "z": 33.78},
      "rotation": {"x": 0, "y": 0, "z": 0},
      "scale": {"x": 1.0, "y": 1.0, "z": 1.0},
      "data": 0,
      "spawnFlag": null,
      "variant": 0,
      "flags": ["spawn", "interact"],
      "script": null
    },
    {
      "id": 88,
      "object": "living_cham_glass",
      "position": {"x": 13.89, "y": 39.86, "z": -29.96},
      "rotation": {"x": 0, "y": 0, "z": 0},
      "scale": {"x": 1.0, "y": 1.0, "z": 1.0},
      "data": 0,
      "spawnFlag": null,
      "variant": 0,
      "flags": ["spawn", "interact"],
      "script": null
    },
    {
      "id": 89,
      "object": "living_cham_bin",
      "position": {"x": -33.93, "y": 40.04, "z": 4.05},
      "rotation": {"x": 0, "y": -59, "z": 0},
      "scale": {"x": 1.0, "y": 1.0, "z": 1.0},
      "data": 0,
      "spawnFlag": null,
      "variant": 0,
      "flags": ["spawn", "interact"],
      "script": null
    },
    {
      "id": 90,
      "object": "living_vase",
      "position": {"x": -36.04, "y": 40.0, "z": -17.66},
      "rotation": {"x": 0, "y": 0, "z": 0},
      "scale": {"x": 1.0, "y": 1.0, "z": 1.0},
      "data": 0,
      "spawnFlag": null,
      "variant": 0,
      "flags": ["spawn", "climb", "clamber", "interact"],
      "script": null
    },
    {
      "id": 91,
      "object": "living_cake_dish",
      "position": {"x": -36.52, "y": 39.74, "z": -34.43},
      "rotation": {"x": 0, "y": 0, "z": 0},
      "scale": {"x": 1.0, "y": 1.0, "z": 1.0},
      "data": 0,
      "spawnFlag": null,
      "variant": 0,
      "flags": ["spawn", "climb", "interact"],
      "script": null
    },
    {
      "id": 92,
      "object": "living_asiato",
      "position": {"x": -217.45, "y": 0.4, "z": 183.6},
      "rotation": {"x": 0, "y": -15, "z": 0},
      "scale": {"x": 1.0, "y": 1.0, "z": 1.0},
      "data": 0,
      "spawnFlag": 1,
      "variant": 0,
      "flags": ["lowpri", "cull", "atc"],
      "script": null
    },
    {
      "id": 93,
      "object": "living_asiato",
      "position": {"x": -200.41, "y": 0.4, "z": 161.03},
      "rotation": {"x": 0, "y": -10, "z": 0},
      "scale": {"x": 1.0, "y": 1.0, "z": 1.0},
      "data": 0,
      "spawnFlag": 2,
      "variant": 0,
      "flags": ["lowpri", "cull", "atc"],
      "script": null
    },
    {
      "id": 94,
      "object": "living_asiato",
      "position": {"x": -213.74, "y": 0.4, "z": 140.66},
      "rotation": {"x": 0, "y": 0, "z": 0},
      "scale": {"x": 1.0, "y": 1.0, "z": 1.0},
      "data": 0,
      "spawnFlag": 3,
      "variant": 0,
      "flags": ["lowpri", "cull", "atc"],
      "script": null
    },
    {
      "id": 95,
      "object": "living_asiato",
      "position": {"x": -188.41, "y": 0.4, "z": 127.27},
      "rotation": {"x": 0, "y": -15, "z": 0},
      "scale": {"x": 1.0, "y": 1.0, "z": 1.0},
      "data": 0,
      "spawnFlag": 4,
      "variant": 0,
      "flags": ["lowpri", "cull", "atc"],
      "script": null
    },
    {
      "id": 96,
      "object": "living_asiato",
      "position": {"x": -203.43, "y": 0.4, "z": 102.44},
      "rotation": {"x": 0, "y": -15, "z": 0},
      "scale": {"x": 1.0, "y": 1.0, "z": 1.0},
      "data": 0,
      "spawnFlag": 5,
      "variant": 0,
      "flags": ["lowpri", "cull", "atc"],
      "script": null
    },
    {
      "id": 97,
      "object": "living_asiato",
      "position": {"x": -212.82, "y": 0.4, "z": 204.75},
      "rotation": {"x": 0, "y": -30, "z": 0},
      "scale": {"x": 1.0, "y": 1.0, "z": 1.0},
      "data": 0,
      "spawnFlag": 6,
      "variant": 0,
      "flags": ["lowpri", "cull", "atc"],
      "script": null
    },
    {
      "id": 98,
      "object": "living_asiato",
      "position": {"x": -234.29, "y": 0.4, "z": 210.82},
      "rotation": {"x": 0, "y": -20, "z": 0},
      "scale": {"x": 1.0, "y": 1.0, "z": 1.0},
      "data": 0,
      "spawnFlag": 7,
      "variant": 0,
      "flags": ["lowpri", "cull", "atc"],
      "script": null
    },
    {
      "id": 99,
      "object": "living_asiato",
      "position": {"x": -239.42, "y": 0.4, "z": 232.96},
      "rotation": {"x": 0, "y": -30, "z": 0},
      "scale": {"x": 1.0, "y": 1.0, "z": 1.0},
      "data": 0,
      "spawnFlag": 8,
      "variant": 0,
      "flags": ["lowpri", "cull", "atc"],
      "script": null
    },
    {
      "id": 100,
      "object": "living_birthday_c",
      "position": {"x": -53.88, "y": 40.34, "z": -8.85},
      "rotation": {"x": 0, "y": 74, "z": 0},
      "scale": {"x": 1.0, "y": 1.0, "z": 1.0},
      "data": 0,
      "spawnFlag": null,
      "variant": 0,
      "flags": ["spawn", "interact"],
      "script": null
    },
    {
      "id": 101,
      "object": "living_kazari_t",
      "position": {"x": -13.38, "y": 0.0, "z": 8.3},
      "rotation": {"x": 0, "y": 89, "z": 0},
      "scale": {"x": 1.0, "y": 1.0, "z": 1.0},
      "data": 0,
      "spawnFlag": null,
      "variant": 0,
      "flags": ["spawn", "interact"],
      "script": null
    },
    {
      "id": 102,
      "object": "living_kazari_w",
      "position": {"x": 276.5, "y": 0.0, "z": 56.0},
      "rotation": {"x": 0, "y": 0, "z": 0},
      "scale": {"x": 1.0, "y": 1.0, "z": 1.0},
      "data": 0,
      "spawnFlag": null,
      "variant": 0,
      "flags": ["spawn", "interact"],
      "script": null
    },
    {
      "id": 103,
      "object": "living_kazari_w",
      "position": {"x": -6.32, "y": 0.0, "z": 317.41},
      "rotation": {"x": 0, "y": -90, "z": 0},
      "scale": {"x": 1.0, "y": 1.0, "z": 1.0},
      "data": 0,
      "spawnFlag": null,
      "variant": 0,
      "flags": ["spawn", "interact"],
      "script": null
    },
    {
      "id": 104,
      "object": "living_happy_box",
      "position": {"x": -244.57, "y": 20.78, "z": -124.83},
      "rotation": {"x": 0, "y": 0, "z": 0},
      "scale": {"x": 1.0, "y": 1.0, "z": 1.0},
      "data": 0,
      "spawnFlag": null,
      "variant": 0,
      "flags": ["spawn", "explode", "climb", "clamber", "fall", "grab"],
      "script": null
    },
    {
      "id": 105,
      "object": "living_happy_box",
      "position": {"x": -226.97, "y": 20.78, "z": -106.99},
      "rotation": {"x": 0, "y": 0, "z": 0},
      "scale": {"x": 1.0, "y": 1.0, "z": 1.0},
      "data": 0,
      "spawnFlag": null,
      "variant": 0,
      "flags": ["spawn", "explode", "climb", "clamber", "fall", "grab"],
      "script": null
    },
    {
      "id": 106,
      "object": "living_happy_box",
      "position": {"x": 219.88, "y": 176.58, "z": -273.2},
      "rotation": {"x": 0, "y": 0, "z": 0},
      "scale": {"x": 1.0, "y": 1.0, "z": 1.0},
      "data": 0,
      "spawnFlag": null,
      "variant": 0,
      "flags": ["spawn", "explode", "climb", "clamber", "fall", "grab"],
      "script": null
    },
    {
      "id": 107,
      "object": "living_happy_box",
      "position": {"x": -242.18, "y": 101.11, "z": -115.21},
      "rotation": {"x": 0, "y": 0, "z": 0},
      "scale": {"x": 1.0, "y": 1.0, "z": 1.0},
      "data": 0,
      "spawnFlag": null,
      "variant": 0,
      "flags": ["spawn", "explode", "climb", "clamber", "fall", "grab"],
      "script": null
    },
    {
      "id": 108,
      "object": "living_happy_box",
      "position": {"x": 254.99, "y": 100.93, "z": 252.06},
      "rotation": {"x": 0, "y": 0, "z": 0},
      "scale": {"x": 1.0, "y": 1.0, "z": 1.0},
      "data": 0,
      "spawnFlag": null,
      "variant": 0,
      "flags": ["spawn", "explode", "climb", "clamber", "fall", "grab"],
      "script": null
    },
    {
      "id": 109,
      "object": "living_happy_box",
      "position": {"x": -121.32, "y": 111.06, "z": 329.83},
      "rotation": {"x": 0, "y": 0, "z": 0},
      "scale": {"x": 1.0, "y": 1.0, "z": 1.0},
      "data": 0,
      "spawnFlag": null,
      "variant": 0,
      "flags": ["spawn", "explode", "climb", "clamber", "fall", "grab"],
      "script": null
    },
    {
      "id": 110,
      "object": "living_happy_box",
      "position": {"x": -59.97, "y": 69.87, "z": -365.16},
      "rotation": {"x": 0, "y": 0, "z": 0},
      "scale": {"x": 1.0, "y": 1.0, "z": 1.0},
      "data": 0,
      "spawnFlag": null,
      "variant": 0,
      "flags": ["spawn", "explode", "climb", "clamber", "fall", "grab"],
      "script": null
    },
    {
      "id": 111,
      "object": "living_happy_box",
      "position": {"x": -259.72, "y": 100.07, "z": 321.28},
      "rotation": {"x": 0, "y": 0, "z": 0},
      "scale": {"x": 1.0, "y": 1.0, "z": 1.0},
      "data": 0,
      "spawnFlag": null,
      "variant": 0,
      "flags": ["spawn", "explode", "climb", "clamber", "fall", "grab"],
      "script": null
    },
    {
      "id": 112,
      "object": "living_happy_box",
      "position": {"x": -228.64, "y": 160.13, "z": -247.63},
      "rotation": {"x": 0, "y": 45, "z": 0},
      "scale": {"x": 1.0, "y": 1.0, "z": 1.0},
      "data": 0,
      "spawnFlag": null,
      "variant": 0,
      "flags": ["spawn", "explode", "climb", "clamber", "fall", "grab"],
      "script": null
    },
    {
      "id": 113,
      "object": "living_cam_living",
      "position": {"x": -0.11, "y": 0.0, "z": 0.03},
      "rotation": {"x": 0, "y": 0, "z": 0},
      "scale": {"x": 1.0, "y": 1.0, "z": 1.0},
      "data": 0,
      "spawnFlag": null,
      "variant": 0,
      "flags": ["spawn", "lift", "interact"],
      "script": null
    },
    {
      "id": 114,
      "object": "item_kami_kuzu",
      "position": {"x": 180.42, "y": 0.0, "z": -363.39},
      "rotation": {"x": 0, "y": 0, "z": 0},
      "scale": {"x": 1.0, "y": 1.0, "z": 1.0},
      "data": 0,
      "spawnFlag": 6,
      "variant": 0,
      "flags": ["spawn", "flash", "cull", "lift", "interact"],
      "script": null
    },
    {
      "id": 115,
      "object": "item_kami_kuzu",
      "position": {"x": -5.15, "y": 11.5, "z": -188.4},
      "rotation": {"x": 0, "y": 0, "z": 0},
      "scale": {"x": 1.0, "y": 1.0, "z": 1.0},
      "data": 0,
      "spawnFlag": 7,
      "variant": 0,
      "flags": ["spawn", "flash", "cull", "lift", "interact"],
      "script": null
    },
    {
      "id": 116,
      "object": "living_tv_switch",
      "position": {"x": -201.56, "y": 54.22, "z": 15.42},
      "rotation": {"x": 0, "y": 90, "z": 0},
      "scale": {"x": 1.0, "y": 1.0, "z": 1.0},
      "data": 0,
      "spawnFlag": null,
      "variant": 0,
      "flags": ["spawn", "interact"],
      "script": null
    },
    {
      "id": 117,
      "object": "living_flowerpot_2",
      "position": {"x": 202.81, "y": 101.64, "z": 258.68},
      "rotation": {"x": 0, "y": 150, "z": 0},
      "scale": {"x": 1.0, "y": 1.0, "z": 1.0},
      "data": 0,
      "spawnFlag": null,
      "variant": 0,
      "flags": ["spawn", "climb", "clamber", "interact"],
      "script": null
    },
    {
      "id": 118,
      "object": "living_sw_1_planter",
      "position": {"x": 226.81, "y": 150.31, "z": 258.57},
      "rotation": {"x": 0, "y": 180, "z": 0},
      "scale": {"x": 1.0, "y": 1.0, "z": 1.0},
      "data": 0,
      "spawnFlag": null,
      "variant": 0,
      "flags": ["spawn", "climb", "clamber", "projectile"],
      "script": null
    },
    {
      "id": 119,
      "object": "living_sw_2_planter",
      "position": {"x": 225.38, "y": 61.17, "z": 262.76},
      "rotation": {"x": 0, "y": 180, "z": 0},
      "scale": {"x": 1.0, "y": 1.0, "z": 1.0},
      "data": 0,
      "spawnFlag": null,
      "variant": 0,
      "flags": ["spawn", "climb", "clamber", "projectile"],
      "script": null
    },
    {
      "id": 120,
      "object": "coin_s",
      "position": {"x": -6.98, "y": 59.2, "z": -160.71},
      "rotation": {"x": 0, "y": 0, "z": 0},
      "scale": {"x": 1.0, "y": 1.0, "z": 1.0},
      "data": 0,
      "spawnFlag": 13,
      "variant": 0,
      "flags": ["spawn", "interact"],
      "script": null
    },
    {
      "id": 121,
      "object": "coin_s",
      "position": {"x": 229.41, "y": 53.69, "z": -160.05},
      "rotation": {"x": 0, "y": 0, "z": 0},
      "scale": {"x": 1.0, "y": 1.0, "z": 1.0},
      "data": 0,
      "spawnFlag": 14,
      "variant": 0,
      "flags": ["spawn", "interact"],
      "script": null
    },
    {
      "id": 122,
      "object": "living_wall_under",
      "position": {"x": 0.0, "y": 0.0, "z": 0.0},
      "rotation": {"x": 0, "y": 0, "z": 0},
      "scale": {"x": 1.0, "y": 1.0, "z": 1.0},
      "data": 0,
      "spawnFlag": null,
      "variant": 0,
      "flags": ["spawn", "climb", "clamber", "interact"],
      "script": null
    },
    {
      "id": 123,
      "object": "fx_tomp_scare_01",
      "position": {"x": 0.0, "y": 0.0, "z": 0.0},
      "rotation": {"x": 0, "y": 0, "z": 0},
      "scale": {"x": 1.0, "y": 1.0, "z": 1.0},
      "data": 0,
      "spawnFlag": null,
      "variant": 0,
      "flags": ["interact"],
      "script": null
    },
    {
      "id": 124,
      "object": "fx_leticwarp_01",
      "position": {"x": 20.43, "y": 0.0, "z": -357.8},
      "rotation": {"x": 0, "y": 0, "z": 0},
      "scale": {"x": 1.0, "y": 1.0, "z": 1.0},
      "data": 0,
      "spawnFlag": null,
      "variant": 0,
      "flags": ["climb", "clamber", "interact"],
      "script": null
    },
    {
      "id": 125,
      "object": "living_door_k",
      "position": {"x": 111.16, "y": 0.0, "z": -391.04},
      "rotation": {"x": 0, "y": 0, "z": 0},
      "scale": {"x": 1.0, "y": 1.0, "z": 1.0},
      "data": 0,
      "spawnFlag": null,
      "variant": 0,
      "flags": ["spawn", "interact"],
      "script": null
    },
    {
      "id": 126,
      "object": "living_f_clock_hb",
      "position": {"x": -1.99, "y": 135.75, "z": 312.68},
      "rotation": {"x": 0, "y": 180, "z": 0},
      "scale": {"x": 1.0, "y": 1.0, "z": 1.0},
      "data": 0,
      "spawnFlag": null,
      "variant": 0,
      "flags": ["spawn", "interact"],
      "script": null
    },
    {
      "id": 127,
      "object": "living_f_clock_hs",
      "position": {"x": -1.99, "y": 135.75, "z": 312.68},
      "rotation": {"x": 0, "y": 180, "z": 0},
      "scale": {"x": 1.0, "y": 1.0, "z": 1.0},
      "data": 0,
      "spawnFlag": null,
      "variant": 0,
      "flags": ["spawn", "interact"],
      "script": null
    },
    {
      "id": 128,
      "object": "living_f_clock_f",
      "position": {"x": -2.01, "y": 82.23, "z": 315.09},
      "rotation": {"x": 0, "y": 0, "z": 0},
      "scale": {"x": 1.0, "y": 1.0, "z": 1.0},
      "data": 0,
      "spawnFlag": null,
      "variant": 0,
      "flags": ["spawn", "interact"],
      "script": null
    },
    {
      "id": 129,
      "object": "living_bg_tree",
      "position": {"x": 0.0, "y": 0.0, "z": 0.0},
      "rotation": {"x": 0, "y": 0, "z": 0},
      "scale": {"x": 1.0, "y": 1.0, "z": 1.0},
      "data": 0,
      "spawnFlag": null,
      "variant": 0,
      "flags": ["spawn", "interact"],
      "script": null
    },
    {
      "id": 130,
      "object": "fx_cb_house_01",
      "position": {"x": -43.6, "y": 0.0, "z": -345.25},
      "rotation": {"x": 0, "y": 0, "z": 0},
      "scale": {"x": 1.0, "y": 1.0, "z": 1.0},
      "data": 0,
      "spawnFlag": null,
      "variant": 0,
      "flags": ["spawn", "interact"],
      "script": null
    },
    {
      "id": 131,
      "object": "living_window_ware",
      "position": {"x": 317.95, "y": 0.0, "z": 134.0},
      "rotation": {"x": 0, "y": -90, "z": 0},
      "scale": {"x": 1.0, "y": 1.0, "z": 1.0},
      "data": 0,
      "spawnFlag": null,
      "variant": 0,
      "flags": ["spawn", "interact", "projectile"],
      "script": null
    },
    {
      "id": 132,
      "object": "living_window_hiraku",
      "position": {"x": 317.95, "y": 0.0, "z": -82.75},
      "rotation": {"x": 0, "y": -90, "z": 0},
      "scale": {"x": 1.0, "y": 1.0, "z": 1.0},
      "data": 0,
      "spawnFlag": null,
      "variant": 0,
      "flags": ["spawn", "climb", "clamber", "interact"],
      "script": null
    },
    {
      "id": 133,
      "object": "item_kami_kuzu",
      "position": {"x": 59.86, "y": 0.0, "z": -81.43},
      "rotation": {"x": 0, "y": 70, "z": 0},
      "scale": {"x": 1.0, "y": 1.0, "z": 1.0},
      "data": 0,
      "spawnFlag": 8,
      "variant": 0,
      "flags": ["spawn", "flash", "cull", "lift", "interact"],
      "script": null
    },
    {
      "id": 134,
      "object": "item_cookie_kakera",
      "position": {"x": 117.8, "y": 0.0, "z": 12.04},
      "rotation": {"x": 0, "y": 0, "z": 0},
      "scale": {"x": 1.0, "y": 1.0, "z": 1.0},
      "data": 0,
      "spawnFlag": 9,
      "variant": 0,
      "flags": ["spawn", "flash", "cull", "lift", "interact"],
      "script": null
    },
    {
      "id": 135,
      "object": "living_wall_c_h",
      "position": {"x": 223.47, "y": 4.28, "z": 353.1},
      "rotation": {"x": 0, "y": -90, "z": 0},
      "scale": {"x": 1.0, "y": 1.0, "z": 1.0},
      "data": 0,
      "spawnFlag": null,
      "variant": 0,
      "flags": ["spawn", "climb", "clamber", "grab", "interact"],
      "script": null
    },
    {
      "id": 136,
      "object": "living_wall_c_h",
      "position": {"x": -223.52, "y": 12.75, "z": 352.43},
      "rotation": {"x": 0, "y": -90, "z": 0},
      "scale": {"x": 1.0, "y": 1.0, "z": 1.0},
      "data": 0,
      "spawnFlag": null,
      "variant": 0,
      "flags": ["spawn", "climb", "clamber", "grab", "interact"],
      "script": null
    },
    {
      "id": 137,
      "object": "living_wall_c_h",
      "position": {"x": -223.52, "y": 4.28, "z": 352.44},
      "rotation": {"x": 0, "y": -90, "z": 0},
      "scale": {"x": 1.0, "y": 1.0, "z": 1.0},
      "data": 0,
      "spawnFlag": null,
      "variant": 0,
      "flags": ["spawn", "climb", "clamber", "grab", "interact"],
      "script": null
    },
    {
      "id": 138,
      "object": "living_wall_c_h",
      "position": {"x": -253.31, "y": 12.75, "z": 141.36},
      "rotation": {"x": 0, "y": 180, "z": 0},
      "scale": {"x": 1.0, "y": 1.0, "z": 1.0},
      "data": 0,
      "spawnFlag": null,
      "variant": 0,
      "flags": ["spawn", "climb", "clamber", "grab", "interact"],
      "script": null
    },
    {
      "id": 139,
      "object": "living_wall_c_h",
      "position": {"x": -253.31, "y": 4.28, "z": 141.06},
      "rotation": {"x": 0, "y": 180, "z": 0},
      "scale": {"x": 1.0, "y": 1.0, "z": 1.0},
      "data": 0,
      "spawnFlag": null,
      "variant": 0,
      "flags": ["spawn", "climb", "clamber", "grab", "interact"],
      "script": null
    },
    {
      "id": 140,
      "object": "living_wall_c_h",
      "position": {"x": 223.47, "y": 12.75, "z": 353.1},
      "rotation": {"x": 0, "y": -90, "z": 0},
      "scale": {"x": 1.0, "y": 1.0, "z": 1.0},
      "data": 0,
      "spawnFlag": null,
      "variant": 0,
      "flags": ["spawn", "climb", "clamber", "grab", "interact"],
      "script": null
    },
    {
      "id": 141,
      "object": "coin_c",
      "position": {"x": 113.39, "y": 28.09, "z": 112.63},
      "rotation": {"x": 0, "y": 0, "z": 0},
      "scale": {"x": 1.0, "y": 1.0, "z": 1.0},
      "data": 0,
      "spawnFlag": 15,
      "variant": 0,
      "flags": ["spawn", "interact"],
      "script": null
    },
    {
      "id": 142,
      "object": "fx_cbdoor_01",
      "position": {"x": 0.0, "y": 0.0, "z": 0.0},
      "rotation": {"x": 0, "y": 0, "z": 0},
      "scale": {"x": 1.0, "y": 1.0, "z": 1.0},
      "data": 0,
      "spawnFlag": null,
      "variant": 0,
      "flags": ["spawn", "interact"],
      "script": null
    },
    {
      "id": 143,
      "object": "living_album_t",
      "position": {"x": 78.64, "y": 77.55, "z": 315.48},
      "rotation": {"x": 0, "y": 180, "z": 4},
      "scale": {"x": 1.0, "y": 1.0, "z": 1.0},
      "data": 0,
      "spawnFlag": null,
      "variant": 0,
      "flags": ["spawn", "interact"],
      "script": null
    },
    {
      "id": 144,
      "object": "living_keath_omc",
      "position": {"x": -218.13, "y": 115.99, "z": 29.04},
      "rotation": {"x": 0, "y": 90, "z": 0},
      "scale": {"x": 1.0, "y": 1.0, "z": 1.0},
      "data": 0,
      "spawnFlag": null,
      "variant": 0,
      "flags": ["spawn", "interact"],
      "script": null
    },
    {
      "id": 145,
      "object": "test_dust_1",
      "position": {"x": 45.76, "y": 0.39, "z": 59.24},
      "rotation": {"x": 0, "y": 185, "z": 0},
      "scale": {"x": 0.79, "y": 1.0, "z": 0.79},
      "data": 0,
      "spawnFlag": 9,
      "variant": 0,
      "flags": ["pushthru", "atc"],
      "script": null
    },
    {
      "id": 146,
      "object": "test_dust_1",
      "position": {"x": 51.51, "y": 0.39, "z": 64.54},
      "rotation": {"x": 0, "y": 40, "z": 0},
      "scale": {"x": 0.79, "y": 1.0, "z": 0.79},
      "data": 0,
      "spawnFlag": 10,
      "variant": 0,
      "flags": ["pushthru", "atc"],
      "script": null
    },
    {
      "id": 147,
      "object": "test_dust_1",
      "position": {"x": 36.87, "y": 0.39, "z": 67.89},
      "rotation": {"x": 0, "y": 108, "z": 0},
      "scale": {"x": 0.39, "y": 1.0, "z": 0.58},
      "data": 0,
      "spawnFlag": 11,
      "variant": 0,
      "flags": ["pushthru", "atc"],
      "script": null
    },
    {
      "id": 148,
      "object": "living_light_rope",
      "position": {"x": 235.17, "y": 120.62, "z": -141.86},
      "rotation": {"x": 0, "y": -22, "z": 0},
      "scale": {"x": 1.0, "y": 1.0, "z": 1.0},
      "data": 0,
      "spawnFlag": null,
      "variant": 0,
      "flags": ["spawn", "rope", "interact"],
      "script": null
    },
    {
      "id": 149,
      "object": "living_audio",
      "position": {"x": 237.0, "y": 80.0, "z": -271.0},
      "rotation": {"x": 0, "y": -90, "z": 0},
      "scale": {"x": 1.0, "y": 1.0, "z": 1.0},
      "data": 0,
      "spawnFlag": null,
      "variant": 0,
      "flags": ["spawn", "climb", "clamber", "interact"],
      "script": null
    },
    {
      "id": 150,
      "object": "living_suisou_r_2",
      "position": {"x": 243.57, "y": 2.08, "z": -209.99},
      "rotation": {"x": 0, "y": 0, "z": 0},
      "scale": {"x": 1.0, "y": 1.0, "z": 1.0},
      "data": 0,
      "spawnFlag": null,
      "variant": 0,
      "flags": ["spawn", "rope", "interact"],
      "script": null
    },
    {
      "id": 151,
      "object": "item_candy_gomi",
      "position": {"x": 215.29, "y": 25.59, "z": 352.46},
      "rotation": {"x": 0, "y": 35, "z": 0},
      "scale": {"x": 1.0, "y": 1.0, "z": 1.0},
      "data": 0,
      "spawnFlag": 10,
      "variant": 0,
      "flags": ["spawn", "flash", "cull", "lift", "interact"],
      "script": null
    },
    {
      "id": 152,
      "object": "item_candy_gomi",
      "position": {"x": -44.18, "y": 1.1, "z": -167.99},
      "rotation": {"x": 0, "y": 0, "z": 0},
      "scale": {"x": 1.0, "y": 1.0, "z": 1.0},
      "data": 0,
      "spawnFlag": 11,
      "variant": 0,
      "flags": ["spawn", "flash", "cull", "lift", "interact"],
      "script": null
    },
    {
      "id": 153,
      "object": "living_curtain",
      "position": {"x": 276.5, "y": 0.0, "z": 56.0},
      "rotation": {"x": 0, "y": 0, "z": 0},
      "scale": {"x": 1.0, "y": 1.0, "z": 1.0},
      "data": 0,
      "spawnFlag": null,
      "variant": 0,
      "flags": ["spawn", "interact"],
      "script": null
    },
    {
      "id": 154,
      "object": "living_tanaue_rope",
      "position": {"x": -174.83, "y": 165.22, "z": -321.5},
      "rotation": {"x": 0, "y": 165, "z": 0},
      "scale": {"x": 1.0, "y": 1.0, "z": 1.0},
      "data": 0,
      "spawnFlag": null,
      "variant": 0,
      "flags": ["spawn", "rope", "interact"],
      "script": null
    },
    {
      "id": 155,
      "object": "sa_seal",
      "position": {"x": -248.49, "y": 26.98, "z": -93.88},
      "rotation": {"x": 0, "y": 180, "z": 0},
      "scale": {"x": 1.0, "y": 1.0, "z": 1.0},
      "data": 0,
      "spawnFlag": null,
      "variant": 0,
      "flags": ["spawn", "interact"],
      "script": null
    },
    {
      "id": 156,
      "object": "chibi_house_elect_10",
      "position": {"x": -799.98, "y": 25.29, "z": -10.83},
      "rotation": {"x": 0, "y": 0, "z": 0},
      "scale": {"x": 1.0, "y": 1.0, "z": 1.0},
      "data": 0,
      "spawnFlag": null,
      "variant": 0,
      "flags": ["interact"],
      "script": null
    },
    {
      "id": 157,
      "object": "chibi_house_elect_2",
      "position": {"x": -799.98, "y": 25.29, "z": -10.83},
      "rotation": {"x": 0, "y": 0, "z": 0},
      "scale": {"x": 1.0, "y": 1.0, "z": 1.0},
      "data": 0,
      "spawnFlag": null,
      "variant": 0,
      "flags": ["interact"],
      "script": null
    },
    {
      "id": 158,
      "object": "chibi_house_elect_3",
      "position": {"x": -799.98, "y": 25.29, "z": -10.83},
      "rotation": {"x": 0, "y": 0, "z": 0},
      "scale": {"x": 1.0, "y": 1.0, "z": 1.0},
      "data": 0,
      "spawnFlag": null,
      "variant": 0,
      "flags": ["interact"],
      "script": null
    },
    {
      "id": 159,
      "object": "chibi_house_elect_4",
      "position": {"x": -799.98, "y": 25.29, "z": -10.83},
      "rotation": {"x": 0, "y": 0, "z": 0},
      "scale": {"x": 1.0, "y": 1.0, "z": 1.0},
      "data": 0,
      "spawnFlag": null,
      "variant": 0,
      "flags": ["interact"],
      "script": null
    },
    {
      "id": 160,
      "object": "chibi_house_elect_5",
      "position": {"x": -799.98, "y": 25.29, "z": -10.83},
      "rotation": {"x": 0, "y": 0, "z": 0},
      "scale": {"x": 1.0, "y": 1.0, "z": 1.0},
      "data": 0,
      "spawnFlag": null,
      "variant": 0,
      "flags": ["interact"],
      "script": null
    },
    {
      "id": 161,
      "object": "chibi_house_elect_6",
      "position": {"x": -799.98, "y": 25.29, "z": -10.83},
      "rotation": {"x": 0, "y": 0, "z": 0},
      "scale": {"x": 1.0, "y": 1.0, "z": 1.0},
      "data": 0,
      "spawnFlag": null,
      "variant": 0,
      "flags": ["interact"],
      "script": null
    },
    {
      "id": 162,
      "object": "chibi_house_elect_7",
      "position": {"x": -799.98, "y": 25.29, "z": -10.83},
      "rotation": {"x": 0, "y": 0, "z": 0},
      "scale": {"x": 1.0, "y": 1.0, "z": 1.0},
      "data": 0,
      "spawnFlag": null,
      "variant": 0,
      "flags": ["interact"],
      "script": null
    },
    {
      "id": 163,
      "object": "chibi_house_elect_8",
      "position": {"x": -799.98, "y": 25.29, "z": -10.83},
      "rotation": {"x": 0, "y": 0, "z": 0},
      "scale": {"x": 1.0, "y": 1.0, "z": 1.0},
      "data": 0,
      "spawnFlag": null,
      "variant": 0,
      "flags": ["interact"],
      "script": null
    },
    {
      "id": 164,
      "object": "chibi_house_elect_9",
      "position": {"x": -799.98, "y": 25.29, "z": -10.83},
      "rotation": {"x": 0, "y": 0, "z": 0},
      "scale": {"x": 1.0, "y": 1.0, "z": 1.0},
      "data": 0,
      "spawnFlag": null,
      "variant": 0,
      "flags": ["interact"],
      "script": null
    },
    {
      "id": 165,
      "object": "chibi_house_ranking_board",
      "position": {"x": -799.98, "y": 25.29, "z": -10.83},
      "rotation": {"x": 0, "y": 0, "z": 0},
      "scale": {"x": 1.0, "y": 1.0, "z": 1.0},
      "data": 0,
      "spawnFlag": null,
      "variant": 0,
      "flags": ["spawn", "interact"],
      "script": null
    },
    {
      "id": 166,
      "object": "chibi_house_ranking_no",
      "position": {"x": -799.98, "y": 25.29, "z": -10.83},
      "rotation": {"x": 0, "y": 0, "z": 0},
      "scale": {"x": 1.0, "y": 1.0, "z": 1.0},
      "data": 0,
      "spawnFlag": null,
      "variant": 0,
      "flags": ["spawn", "interact"],
      "script": null
    },
    {
      "id": 167,
      "object": "chibi_house_ranking_no",
      "position": {"x": -794.11, "y": 25.29, "z": -10.83},
      "rotation": {"x": 0, "y": 0, "z": 0},
      "scale": {"x": 1.0, "y": 1.0, "z": 1.0},
      "data": 0,
      "spawnFlag": null,
      "variant": 0,
      "flags": ["spawn", "interact"],
      "script": null
    },
    {
      "id": 168,
      "object": "chibi_house_ranking_no",
      "position": {"x": -796.08, "y": 25.29, "z": -10.83},
      "rotation": {"x": 0, "y": 0, "z": 0},
      "scale": {"x": 1.0, "y": 1.0, "z": 1.0},
      "data": 0,
      "spawnFlag": null,
      "variant": 0,
      "flags": ["spawn", "interact"],
      "script": null
    },
    {
      "id": 169,
      "object": "chibi_house_ranking_no",
      "position": {"x": -798.04, "y": 25.29, "z": -10.83},
      "rotation": {"x": 0, "y": 0, "z": 0},
      "scale": {"x": 1.0, "y": 1.0, "z": 1.0},
      "data": 0,
      "spawnFlag": null,
      "variant": 0,
      "flags": ["spawn", "interact"],
      "script": null
    },
    {
      "id": 170,
      "object": "chibi_house_ranking_no",
      "position": {"x": -801.97, "y": 25.29, "z": -10.83},
      "rotation": {"x": 0, "y": 0, "z": 0},
      "scale": {"x": 1.0, "y": 1.0, "z": 1.0},
      "data": 0,
      "spawnFlag": null,
      "variant": 0,
      "flags": ["spawn", "interact"],
      "script": null
    },
    {
      "id": 171,
      "object": "chibi_house_ranking_no",
      "position": {"x": -803.9, "y": 25.29, "z": -10.83},
      "rotation": {"x": 0, "y": 0, "z": 0},
      "scale": {"x": 1.0, "y": 1.0, "z": 1.0},
      "data": 0,
      "spawnFlag": null,
      "variant": 0,
      "flags": ["spawn", "interact"],
      "script": null
    },
    {
      "id": 172,
      "object": "chibi_house_ranking_no",
      "position": {"x": -805.86, "y": 25.29, "z": -10.83},
      "rotation": {"x": 0, "y": 0, "z": 0},
      "scale": {"x": 1.0, "y": 1.0, "z": 1.0},
      "data": 0,
      "spawnFlag": null,
      "variant": 0,
      "flags": ["spawn", "interact"],
      "script": null
    },
    {
      "id": 173,
      "object": "chibi_house_wall",
      "position": {"x": -800.0, "y": 0.0, "z": 0.0},
      "rotation": {"x": 0, "y": 0, "z": 0},
      "scale": {"x": 1.0, "y": 1.0, "z": 1.0},
      "data": 0,
      "spawnFlag": null,
      "variant": 0,
      "flags": ["spawn", "opaque", "interact"],
      "script": null
    },
    {
      "id": 174,
      "object": "chibi_house_chi_pc",
      "position": {"x": -800.0, "y": 0.0, "z": 0.0},
      "rotation": {"x": 0, "y": 0, "z": 0},
      "scale": {"x": 0.99, "y": 1.0, "z": 1.0},
      "data": 0,
      "spawnFlag": null,
      "variant": 0,
      "flags": ["spawn", "interact"],
      "script": null
    },
    {
      "id": 175,
      "object": "chibi_house_chi_e",
      "position": {"x": -800.0, "y": 0.0, "z": 0.0},
      "rotation": {"x": 0, "y": 0, "z": 0},
      "scale": {"x": 1.0, "y": 1.0, "z": 1.0},
      "data": 0,
      "spawnFlag": null,
      "variant": 0,
      "flags": ["spawn", "interact"],
      "script": null
    },
    {
      "id": 176,
      "object": "chibi_house_pc_gamen",
      "position": {"x": -800.0, "y": 0.0, "z": 0.0},
      "rotation": {"x": 0, "y": 0, "z": 0},
      "scale": {"x": 1.0, "y": 1.0, "z": 1.0},
      "data": 0,
      "spawnFlag": null,
      "variant": 0,
      "flags": ["spawn", "interact"],
      "script": null
    },
    {
      "id": 177,
      "object": "chibi_house_gacha",
      "position": {"x": -800.0, "y": 0.0, "z": 0.0},
      "rotation": {"x": 0, "y": 0, "z": 0},
      "scale": {"x": 1.0, "y": 1.0, "z": 1.0},
      "data": 0,
      "spawnFlag": null,
      "variant": 0,
      "flags": ["spawn", "interact"],
      "script": null
    },
    {
      "id": 178,
      "object": "chibi_house_air",
      "position": {"x": -800.0, "y": 0.0, "z": 0.0},
      "rotation": {"x": 0, "y": 0, "z": 0},
      "scale": {"x": 1.0, "y": 1.0, "z": 1.0},
      "data": 0,
      "spawnFlag": null,
      "variant": 0,
      "flags": ["spawn", "interact"],
      "script": null
    },
    {
      "id": 179,
      "object": "living_bone_r",
      "position": {"x": 64.0, "y": -1.0, "z": 85.76},
      "rotation": {"x": 0, "y": -120, "z": 0},
      "scale": {"x": 1.0, "y": 1.0, "z": 1.0},
      "data": 0,
      "spawnFlag": null,
      "variant": 0,
      "flags": ["spawn", "climb", "interact"],
      "script": 85
    },
    {
      "id": 180,
      "object": "living_hat",
      "position": {"x": -3.49, "y": 40.0, "z": -41.95},
      "rotation": {"x": 0, "y": 0, "z": 0},
      "scale": {"x": 1.0, "y": 1.0, "z": 1.0},
      "data": 0,
      "spawnFlag": null,
      "variant": 0,
      "flags": ["spawn", "climb", "interact"],
      "script": 92
    },
    {
      "id": 181,
      "object": "living_chicken",
      "position": {"x": -39.73, "y": 43.0, "z": 27.19},
      "rotation": {"x": 0, "y": -147, "z": 0},
      "scale": {"x": 1.0, "y": 1.0, "z": 1.0},
      "data": 0,
      "spawnFlag": null,
      "variant": 0,
      "flags": ["spawn", "climb", "interact"],
      "script": 93
    },
    {
      "id": 182,
      "object": "living_cake",
      "position": {"x": 3.58, "y": 48.13, "z": 6.3},
      "rotation": {"x": 0, "y": 134, "z": 0},
      "scale": {"x": 1.0, "y": 1.0, "z": 1.0},
      "data": 0,
      "spawnFlag": null,
      "variant": 0,
      "flags": ["climb", "interact"],
      "script": 94
    },
    {
      "id": 183,
      "object": "living_present_box",
      "position": {"x": -48.9, "y": 0.0, "z": 197.14},
      "rotation": {"x": 0, "y": 0, "z": 0},
      "scale": {"x": 1.0, "y": 1.0, "z": 1.0},
      "data": 0,
      "spawnFlag": null,
      "variant": 0,
      "flags": ["spawn", "interact"],
      "script": null
    },
    {
      "id": 184,
      "object": "item_bara",
      "position": {"x": -35.72, "y": 54.56, "z": -18.48},
      "rotation": {"x": 0, "y": 0, "z": 0},
      "scale": {"x": 1.0, "y": 1.0, "z": 1.0},
      "data": 0,
      "spawnFlag": null,
      "variant": 0,
      "flags": ["spawn", "flash", "lift", "interact"],
      "script": 95
    },
    {
      "id": 185,
      "object": "living_cb_cover",
      "position": {"x": -799.99, "y": 0.0, "z": 0.0},
      "rotation": {"x": 0, "y": 0, "z": 0},
      "scale": {"x": 1.0, "y": 1.0, "z": 1.0},
      "data": 0,
      "spawnFlag": null,
      "variant": 0,
      "flags": ["spawn", "interact"],
      "script": null
    }
  ]
}