{
	"rooms": [
		{
			"name": "livingroom",
			"checks": [
				{
					"x": -231.42,
					"y": 24.27,
					"z": -61.97,
					"id": 19,
					"name": "item_frog_ring",
					"prereqs": [ "ladder", "blaster", "copter" ],
					"description": "Living Room Frog Ring (Behind Window)"
				},
				{
					"x": -266.7,
					"y": 148.98,
					"z": -168.44,
					"id": 20,
					"name": "item_frog_ring",
					"prereqs": [ "ladder", "bridge", "copter" ],
					"description": "Living Room Frog Ring (Corkboard)"
				},
				{
					"x": -252.52,
					"y": 27.92,
					"z": 88.37,
					"id": 21,
					"name": "item_frog_ring",
					"prereqs": [],
					"description": "Living Room Frog Ring (Shelf)"
				},
				{
					"x": -47.9,
					"y": 40.08,
					"z": 69.37,
					"id": 36,
					"name": "coin_c",
					"prereqs": [ "copter" ],
					"description": "Living Room Table 10M Coin"
				},
				{
					"x": -252.19,
					"y": 0.3,
					"z": -89.81,
					"id": 37,
					"name": "coin_c",
					"prereqs": [],
					"description": "Living Room Under Bookshelf 10M Coin"
				},
				{
					"x": -271.91,
					"y": 12.0,
					"z": 45.13,
					"id": 38,
					"name": "coin_c",
					"prereqs": [],
					"description": "Living Room Under TV 10M Coin"
				},
				{
					"x": -227.34,
					"y": 76.58,
					"z": -121.02,
					"id": 39,
					"name": "coin_c",
					"prereqs": [ "ladder", "copter" ],
					"description": "Living Room Bookshelf 10M Coin A"
				},
				{
					"x": -227.86,
					"y": 76.5,
					"z": -106.26,
					"id": 40,
					"name": "coin_c",
					"prereqs": [ "ladder", "copter" ],
					"description": "Living Room Bookshelf 10M Coin B"
				},
				{
					"x": 37.5,
					"y": 97.0,
					"z": -188.51,
					"id": 41,
					"name": "coin_c",
					"prereqs": [],
					"description": "Living Room Armchair 10M Coin"
				},
				{
					"x": 155.72,
					"y": 0.89,
					"z": -28.92,
					"id": 42,
					"name": "coin_c",
					"prereqs": [],
					"description": "Living Room Under Couch 10M Coin"
				},
				{
					"x": 174.79,
					"y": 96.39,
					"z": 9.18,
					"id": 43,
					"name": "coin_c",
					"prereqs": [ "copter" ],
					"description": "Living Room Couch Backseat 10M Coin A"
				},
				{
					"x": 174.81,
					"y": 96.39,
					"z": 16.39,
					"id": 44,
					"name": "coin_c",
					"prereqs": [ "copter" ],
					"description": "Living Room Couch Backseat 10M Coin B"
				},
				{
					"x": 174.87,
					"y": 96.39,
					"z": 1.91,
					"id": 45,
					"name": "coin_c",
					"prereqs": [ "copter" ],
					"description": "Living Room Couch Backseat 10M Coin C"
				},
				{
					"x": 68.83,
					"y": 55.6,
					"z": -92.01,
					"id": 46,
					"name": "coin_s",
					"prereqs": [],
					"description": "Living Room Cupholder 50M Coin"
				},
				{
					"x": 255.74,
					"y": 181.1,
					"z": 251.19,
					"id": 47,
					"name": "coin_s",
					"prereqs": [ "ladder", "bridge", "copter" ],
					"description": "Living Room Plant Shelf 50M A"
				},
				{
					"x": 238.9,
					"y": 181.1,
					"z": 265.76,
					"id": 48,
					"name": "coin_s",
					"prereqs": [ "ladder", "bridge", "copter" ],
					"description": "Living Room Plant Shelf 50M B"
				},
				{
					"x": 214.86,
					"y": 88.69,
					"z": 187.92,
					"id": 49,
					"name": "coin_s",
					"prereqs": [ "ladder", "copter" ],
					"description": "Living Room Plant Leaf 50M Coin"
				},
				{
					"x": 84.53,
					"y": 0.0,
					"z": 295.04,
					"id": 115,
					"name": "item_kami_kuzu",
					"prereqs": [],
					"description": "Living Room Wastepaper by Trashbin B"
				},
				{
					"x": 183.17,
					"y": -1.1,
					"z": 299.73,
					"id": 116,
					"name": "item_kami_kuzu",
					"prereqs": [],
					"description": "Living Room Candy Wrapper above Trashbin"
				},
				{
					"x": 209.81,
					"y": 0.0,
					"z": 122.44,
					"id": 117,
					"name": "item_kami_kuzu",
					"prereqs": [],
					"description": "Living Room Wastepaper by Trashbin A"
				},
				{
					"x": 73.24,
					"y": 54.49,
					"z": -81.49,
					"id": 118,
					"name": "item_kami_kuzu",
					"prereqs": [ "copter" ],
					"description": "Living Room Cupholder Wastepaper"
				},
				{
					"x": -49.27,
					"y": 0.3,
					"z": 6.94,
					"id": 119,
					"name": "item_cookie_kakera",
					"prereqs": [],
					"description": "Living Room Cookie Crumbs under Table"
				},
				{
					"x": 222.72,
					"y": 79.6,
					"z": -225.15,
					"id": 120,
					"name": "item_cookie_kakera",
					"prereqs": [],
					"description": "Living Room Cookie Crumbs by Record Player"
				},
				{
					"x": 46.27,
					"y": 1.0,
					"z": 42.7,
					"id": 133,
					"name": "item_brush",
					"prereqs": [],
					"description": "Living Room Toothbrush"
				},
				{
					"x": 21.63,
					"y": 40.34,
					"z": -106.99,
					"id": 240,
					"name": "living_happy_box",
					"prereqs": [],
					"description": "Living Room Armchair Happy Block"
				},
				{
					"x": -226.97,
					"y": 20.78,
					"z": -106.99,
					"id": 241,
					"name": "living_happy_box",
					"prereqs": [ "ladder", "copter" ],
					"description": "Living Room Bookshelf Happy Block (Lower)"
				},
				{
					"x": 219.88,
					"y": 176.58,
					"z": -273.2,
					"id": 242,
					"name": "living_happy_box",
					"prereqs": [ "copter" ],
					"description": "Living Room Top of Record Player Shelving Happy Block"
				},
				{
					"x": -242.18,
					"y": 101.11,
					"z": -115.21,
					"id": 243,
					"name": "living_happy_box",
					"prereqs": [ "ladder", "copter" ],
					"description": "Living Room Bookshelf Happy Block (Upper)"
				},
				{
					"x": 254.99,
					"y": 100.93,
					"z": 252.06,
					"id": 244,
					"name": "living_happy_box",
					"prereqs": [ "ladder", "copter" ],
					"description": "Living Room Plant Shelf Happy Block (Lower)"
				},
				{
					"x": -121.32,
					"y": 111.06,
					"z": 329.83,
					"id": 245,
					"name": "living_happy_box",
					"prereqs": [ "ladder", "copter" ],
					"description": "Living Room Grandfather Clock Shelving Happy Block"
				},
				{
					"x": -54.34,
					"y": 69.87,
					"z": -362.21,
					"id": 246,
					"name": "living_happy_box",
					"prereqs": [ "ladder", "copter" ],
					"description": "Living Room Happy Block above Chibi-House "
				},
				{
					"x": 248.94,
					"y": 216.86,
					"z": 259.21,
					"id": 247,
					"name": "living_happy_box",
					"prereqs": [ "ladder", "bridge", "copter" ],
					"description": "Living Room Plant Shelf Happy Block (Upper)"
				},
				{
					"x": -228.64,
					"y": 160.13,
					"z": -247.63,
					"id": 248,
					"name": "living_happy_box",
					"prereqs": [ "ladder", "bridge", "copter" ],
					"description": "Living Room Happy Block above Fireplace"
				},
				{
					"x": 261.32,
					"y": 80.03,
					"z": -320.54,
					"id": 249,
					"name": "living_happy_box",
					"prereqs": [],
					"description": "Living Room Happy Block by Record Player"
				},
				{
					"x": 180.42,
					"y": 0.0,
					"z": -363.39,
					"id": 257,
					"name": "item_kami_kuzu",
					"prereqs": [],
					"description": "Living Room Wastepaper by Door to Kitchen"
				},
				{
					"x": -195.06,
					"y": 0.0,
					"z": -308.29,
					"id": 258,
					"name": "item_kami_kuzu",
					"prereqs": [],
					"description": "Living Room Fireplace Wastepaper A"
				},
				{
					"x": -182.73,
					"y": 0.0,
					"z": -306.4,
					"id": 259,
					"name": "item_kami_kuzu",
					"prereqs": [],
					"description": "Living Room Fireplace Wastepaper B"
				},
				{
					"x": -5.15,
					"y": 11.5,
					"z": -188.4,
					"id": 260,
					"name": "item_kami_kuzu",
					"prereqs": [],
					"description": "Living Room Wastepaper on Stack of Books"
				},
				{
					"x": 155.75,
					"y": 39.3,
					"z": 103.0,
					"id": 261,
					"name": "item_kami_kuzu",
					"prereqs": [ "copter" ],
					"description": "Living Room Couch Wastepaper B"
				},
				{
					"x": -6.98,
					"y": 59.2,
					"z": -160.71,
					"id": 278,
					"name": "coin_s",
					"prereqs": [],
					"description": "Living Room Armchair 50M Coin"
				},
				{
					"x": 229.41,
					"y": 53.69,
					"z": -160.05,
					"id": 279,
					"name": "coin_s",
					"prereqs": [ "copter" ],
					"description": "Living Room Lamp 50M Coin"
				},
				{
					"x": 151.02,
					"y": 40.46,
					"z": -47.83,
					"id": 302,
					"name": "item_receipt",
					"prereqs": [ "ladder", "copter" ],
					"description": "Living Room Toy Receipt"
				},
				{
					"x": 90.95,
					"y": 0.0,
					"z": 74.65,
					"id": 319,
					"name": "item_kami_kuzu",
					"prereqs": [],
					"description": "Living Room Wastepaper by Toothbrush Spawn"
				},
				{
					"x": 59.86,
					"y": 0.2,
					"z": -81.43,
					"id": 320,
					"name": "item_kami_kuzu",
					"prereqs": [],
					"description": "Living Room Wastepaper below Cupholder"
				},
				{
					"x": 158.25,
					"y": 40.0,
					"z": -4.1,
					"id": 321,
					"name": "item_kami_kuzu",
					"prereqs": [ "copter" ],
					"description": "Living Room Couch Wastepaper A"
				},
				{
					"x": 117.8,
					"y": 0.41,
					"z": 12.04,
					"id": 322,
					"name": "item_cookie_kakera",
					"prereqs": [],
					"description": "Living Room Cookie Crumbs under Couch"
				},
				{
					"x": 155.45,
					"y": 40.0,
					"z": -28.82,
					"id": 323,
					"name": "item_cookie_kakera",
					"prereqs": [ "copter" ],
					"description": "Living Room Cookie Crumbs on Couch"
				},
				{
					"x": 277.76,
					"y": 0.9,
					"z": -76.29,
					"id": 324,
					"name": "leaf",
					"prereqs": [],
					"description": "Living Room Twig A"
				},
				{
					"x": 263.28,
					"y": 0.0,
					"z": -62.9,
					"id": 325,
					"name": "leaf",
					"prereqs": [],
					"description": "Living Room Twig B"
				},
				{
					"x": 253.65,
					"y": 0.0,
					"z": -94.75,
					"id": 326,
					"name": "leaf",
					"prereqs": [],
					"description": "Living Room Twig C"
				},
				{
					"x": -43.46,
					"y": 33.59,
					"z": -352.5,
					"id": 338,
					"name": "coin_s",
					"prereqs": [ "ladder", "copter" ],
					"description": "Living Room 50M Coin on top of Chibi-House"
				},
				{
					"x": 113.39,
					"y": 28.09,
					"z": 112.63,
					"id": 339,
					"name": "coin_c",
					"prereqs": [ "copter" ],
					"description": "Living Room Couch 10M Coin (Below Left Armrest)"
				},
				{
					"x": -3.48,
					"y": 0.0,
					"z": 364.34,
					"id": 340,
					"name": "coin_c",
					"prereqs": [],
					"description": "Living Room 10M Coin behind Grandfather Clock Shelving C"
				},
				{
					"x": 9.25,
					"y": 0.0,
					"z": 364.24,
					"id": 341,
					"name": "coin_c",
					"prereqs": [],
					"description": "Living Room 10M Coin behind Grandfather Clock Shelving B"
				},
				{
					"x": 22.11,
					"y": 0.0,
					"z": 364.29,
					"id": 342,
					"name": "coin_c",
					"prereqs": [],
					"description": "Living Room 10M Coin behind Grandfather Clock Shelving A"
				},
				{
					"x": 253.16,
					"y": 23.99,
					"z": 306.76,
					"id": 367,
					"name": "item_kami_kuzu",
					"prereqs": [],
					"description": "Living Room Wastepaper above Trashbin B"
				},
				{
					"x": 246.22,
					"y": 23.99,
					"z": 315.28,
					"id": 368,
					"name": "item_kami_kuzu",
					"prereqs": [],
					"description": "Living Room Wastepaper above Trashbin A"
				},
				{
					"x": 215.29,
					"y": 25.59,
					"z": 352.46,
					"id": 437,
					"name": "item_candy_gomi",
					"prereqs": [],
					"description": "Living Room Candy Wrapper above Trashbin"
				},
				{
					"x": -90.19,
					"y": 1.5,
					"z": 85.1,
					"id": 438,
					"name": "item_candy_gomi",
					"prereqs": [],
					"description": "Living Room Candy Wrapper by Jenny A"
				},
				{
					"x": 136.28,
					"y": 40.59,
					"z": 94.04,
					"id": 439,
					"name": "item_candy_gomi",
					"prereqs": [ "copter" ],
					"description": "Living Room Couch Candy Wrapper"
				},
				{
					"x": 76.43,
					"y": 1.6,
					"z": 89.36,
					"id": 440,
					"name": "item_candy_gomi",
					"prereqs": [],
					"description": "Living Room Candy Wrapper by Jenny B"
				},
				{
					"x": -44.18,
					"y": 1.6,
					"z": -167.99,
					"id": 441,
					"name": "item_candy_gomi",
					"prereqs": [],
					"description": "Living Room Candy Wrapper on Book Stack"
				},
				{
					"x": 22.73,
					"y": 40.59,
					"z": -140.7,
					"id": 442,
					"name": "item_candy_gomi",
					"prereqs": [],
					"description": "Living Room Armchair Candy Wrapper B"
				},
				{
					"x": 22.36,
					"y": 40.59,
					"z": -127.3,
					"id": 443,
					"name": "item_candy_gomi",
					"prereqs": [],
					"description": "Living Room Armchair Candy Wrapper A"
				},
				{
					"x": 79.08,
					"y": 56.29,
					"z": -90.45,
					"id": 444,
					"name": "item_candy_gomi",
					"prereqs": [ "copter" ],
					"description": "Living Room Cupholder Candy Wrapper"
				},
				{
					"x": 151.28,
					"y": 40.0,
					"z": 52.85,
					"id": 445,
					"name": "item_okasi_gomi_1",
					"prereqs": [ "copter" ],
					"description": "Living Room Couch Candy Bag"
				},
				{
					"x": -4.27,
					"y": 40.0,
					"z": 49.47,
					"id": 446,
					"name": "item_okasi_gomi_2",
					"prereqs": [ "copter" ],
					"description": "Living Room Table Cookie Box A"
				},
				{
					"x": 0.91,
					"y": 40.0,
					"z": 68.68,
					"id": 447,
					"name": "item_okasi_gomi_2",
					"prereqs": [ "copter" ],
					"description": "Living Room Table Cookie Box B"
				}
			]
		},
		{
			"name": "kitchen",
			"checks": [
				{
					"x": -60.84,
					"y": 76.01,
					"z": -180.18,
					"id": 36,
					"name": "item_mag_cup",
					"prereqs": [],
					"description": "Kitchen Mug Location"
				},
				{
					"x": -60.84,
					"y": 76.01,
					"z": -180.18,
					"id": 37,
					"name": "item_spoon",
					"prereqs": [ "ladder" ],
					"description": "Kitchen Spoon Location"
				},
				{
					"x": -304.46,
					"y": -0.8,
					"z": 245.32,
					"id": 152,
					"name": "item_kami_kuzu",
					"prereqs": [],
					"description": "Kitchen Wastepaper by Foyer Door"
				},
				{
					"x": 219.24,
					"y": -1.2,
					"z": 24.06,
					"id": 153,
					"name": "item_kami_kuzu",
					"prereqs": [],
					"description": "Kitchen Wastepaper under Counter"
				},
				{
					"x": 142.44,
					"y": 0.0,
					"z": -86.09,
					"id": 155,
					"name": "item_cookie_kakera",
					"prereqs": [],
					"description": "Kitchen Cookie Crumbs by Tao's Bowl"
				},
				{
					"x": 163.08,
					"y": 119.6,
					"z": -163.28,
					"id": 156,
					"name": "item_cookie_kakera",
					"prereqs": [ "ladder" ],
					"description": "Kitchen Cookie Crumbs by Spoon"
				},
				{
					"x": 6.36,
					"y": 69.8,
					"z": 36.78,
					"id": 158,
					"name": "item_cookie_kakera",
					"prereqs": [ "bridge", "copter" ],
					"description": "Kitchen Cookie Crumbs on Kitchen Table"
				},
				{
					"x": -251.1,
					"y": 75.8,
					"z": -50.3,
					"id": 159,
					"name": "item_cookie_kakera",
					"prereqs": [],
					"description": "Kitchen Cookie Crumbs next to Fridge on Counter"
				},
				{
					"x": -40.0,
					"y": 23.55,
					"z": 71.0,
					"id": 163,
					"name": "living_happy_block",
					"prereqs": [ "bridge", "blaster", "copter" ],
					"description": "Kitchen Table Happy Block"
				},
				{
					"x": -104.59,
					"y": 100.1,
					"z": 248.8,
					"id": 167,
					"name": "living_happy_block",
					"prereqs": [ "blaster" ],
					"description": "Kitchen Cabinet Happy Block"
				},
				{
					"x": -216.94,
					"y": 193.02,
					"z": -153.97,
					"id": 168,
					"name": "living_happy_block",
					"prereqs": [ "ladder" ],
					"description": "Kitchen Happy Block above Bandage"
				},
				{
					"x": 269.73,
					"y": 82.11,
					"z": 259.01,
					"id": 170,
					"name": "living_happy_block",
					"prereqs": [ "bridge", "copter" ],
					"description": "Kitchen Happy Block by Bridge-Only Chibi-Door"
				},
				{
					"x": 328.65,
					"y": 0.05,
					"z": -33.22,
					"id": 206,
					"name": "item_leaf",
					"prereqs": [],
					"description": "Kitchen Twig A"
				},
				{
					"x": 352.19,
					"y": 0.05,
					"z": -48.09,
					"id": 207,
					"name": "item_leaf",
					"prereqs": [],
					"description": "Kitchen Twig B"
				},
				{
					"x": 358.63,
					"y": 0.05,
					"z": -35.65,
					"id": 208,
					"name": "item_leaf",
					"prereqs": [],
					"description": "Kitchen Twig C"
				},
				{
					"x": 314.25,
					"y": 41.1,
					"z": -182.33,
					"id": 227,
					"name": "item_tug",
					"prereqs": [],
					"description": "Kitchen Dog Tags Location"
				},
				{
					"x": -242.47,
					"y": 169.1,
					"z": 0.0,
					"id": 228,
					"name": "item_houtai",
					"prereqs": [ "ladder", "blaster", "copter" ],
					"description": "Kitchen Bandage Location"
				},
				{
					"x": -42.31,
					"y": 72.99,
					"z": 121.01,
					"id": 240,
					"name": "item_frog_ring",
					"prereqs": [ "bridge", "copter" ],
					"description": "Kitchen Frog Ring (Table)"
				},
				{
					"x": -244.03,
					"y": 79.3,
					"z": 152.38,
					"id": 304,
					"name": "item_akikan",
					"prereqs": [],
					"description": "Kitchen Pink Soda Can"
				},
				{
					"x": -258.19,
					"y": 79.3,
					"z": 156.69,
					"id": 305,
					"name": "item_akikan",
					"prereqs": [],
					"description": "Kitchen Purple Soda Can"
				},
				{
					"x": -71.14,
					"y": 70.79,
					"z": 45.18,
					"id": 306,
					"name": "item_candy_gomi",
					"prereqs": [ "bridge", "copter" ],
					"description": "Kitchen Table Candy Wrapper A"
				},
				{
					"x": -82.19,
					"y": 70.79,
					"z": 55.61,
					"id": 307,
					"name": "item_candy_gomi",
					"prereqs": [ "bridge", "copter" ],
					"description": "Kitchen Table Candy Wrapper B"
				},
				{
					"x": -24.39,
					"y": 70.3,
					"z": 105.07,
					"id": 308,
					"name": "item_okasi_gomi_1",
					"prereqs": [ "bridge", "copter" ],
					"description": "Kitchen Table Candy Bag"
				},
				{
					"x": 143.33,
					"y": 120.2,
					"z": -169.18,
					"id": 309,
					"name": "item_okasi_gomi_2",
					"prereqs": [ "ladder" ],
					"description": "Kitchen Cookie Box by Spoon A"
				},
				{
					"x": 161.88,
					"y": 120.2,
					"z": -179.32,
					"id": 310,
					"name": "item_okasi_gomi_2",
					"prereqs": [ "ladder" ],
					"description": "Kitchen Cookie Box by Spoon B"
				},
				{
					"x": -80.55,
					"y": 217.1,
					"z": -152.41,
					"id": 358,
					"name": "coin_c",
					"prereqs": [ "ladder", "blaster", "copter" ],
					"description": "Kitchen High Cupboard 10M Coin"
				},
				{
					"x": -315.53,
					"y": 86.29,
					"z": -0.09,
					"id": 359,
					"name": "coin_c",
					"prereqs": [],
					"description": "Kitchen 10M Coin by Stove"
				},
				{
					"x": 51.5,
					"y": 86.29,
					"z": -223.11,
					"id": 360,
					"name": "coin_c",
					"prereqs": [],
					"description": "Kitchen 10M Coin by Sink"
				},
				{
					"x": 211.96,
					"y": 86.29,
					"z": -195.05,
					"id": 361,
					"name": "coin_c",
					"prereqs": [],
					"description": "Kitchen 10M behind Bottles"
				}
			]
		},
		{
			"name": "drain",
			"checks": [
				{
					"x": -150.0,
					"y": -40.9,
					"z": 1.0,
					"id": 49,
					"name": "coin_g",
					"prereqs": ["copter"],
					"description": "Sink Drain Middle Row 100M Coin C"
				},
				{
					"x": -162.0,
					"y": -40.9,
					"z": 1.0,
					"id": 50,
					"name": "coin_g",
					"prereqs": [ "copter" ],
					"description": "Sink Drain Middle Row 100M Coin B"
				},
				{
					"x": -174.0,
					"y": -40.9,
					"z": 1.0,
					"id": 51,
					"name": "coin_g",
					"prereqs": [ "copter" ],
					"description": "Sink Drain Middle Row 100M Coin A"
				},
				{
					"x": -186.0,
					"y": -40.9,
					"z": 1.0,
					"id": 52,
					"name": "coin_c",
					"prereqs": [ "copter" ],
					"description": "Sink Drain Middle Row 10M Coin C"
				},
				{
					"x": -198.0,
					"y": -40.9,
					"z": 1.0,
					"id": 53,
					"name": "coin_c",
					"prereqs": [ "copter" ],
					"description": "Sink Drain Middle Row 10M Coin B"
				},
				{
					"x": -210.0,
					"y": -40.9,
					"z": 1.0,
					"id": 54,
					"name": "coin_c",
					"prereqs": [ "copter" ],
					"description": "Sink Drain Middle Row 10M Coin A"
				},
				{
					"x": -300.0,
					"y": -12.1,
					"z": 1.0,
					"id": 55,
					"name": "coin_g",
					"prereqs": [ "copter" ],
					"description": "Sink Drain Top Row 100M Coin"
				},
				{
					"x": -288.0,
					"y": -12.1,
					"z": 1.0,
					"id": 56,
					"name": "coin_c",
					"prereqs": [ "copter" ],
					"description": "Sink Drain Top Row 10M Coin B"
				},
				{
					"x": -276.0,
					"y": -12.1,
					"z": 1.0,
					"id": 57,
					"name": "coin_c",
					"prereqs": [ "copter" ],
					"description": "Sink Drain Top Row 10M Coin A"
				},
				{
					"x": -214.17,
					"y": -90.29,
					"z": 0.06,
					"id": 62,
					"name": "item_frog_ring",
					"prereqs": [ "copter", "blaster" ],
					"description": "Sink Drain Frog Ring"
				}
			]
		},
		{
			"name": "foyer",
			"checks": [
				{
					"x": 49.6,
					"y": 269.89,
					"z": -197.93,
					"id": 27,
					"name": "coin_c",
					"prereqs": [ "copter", "ladder" ],
					"description": "Foyer Top of Stairs 10M Coin"
				},
				{
					"x": 92.85,
					"y": 37.09,
					"z": 108.93,
					"id": 336,
					"name": "item_army_photo",
					"prereqs": [],
					"description": "Foyer Free Rangers Photo"
				},
				{
					"x": -180.84,
					"y": 343.8,
					"z": 292.63,
					"id": 382,
					"name": "item_frog_ring",
					"prereqs": [ "copter", "ladder", "blaster" ],
					"description": "Foyer Waterfall Frog Ring"
				},
				{
					"x": -184.28,
					"y": 96.0,
					"z": -123.93,
					"id": 385,
					"name": "item_t_block_6",
					"prereqs": [ "copter", "ladder" ],
					"description": "Foyer Red Block"
				}
			]
		},
		{
			"name": "basement",
			"checks": [

				{
					"x": 108.15,
					"y": 2.99,
					"z": -37.12,
					"id": 6,
					"name": "item_deka_denchi",
					"prereqs": [],
					"description": "Basement Giga-Battery"
				},
				{
					"x": 105.5,
					"y": 2.99,
					"z": -98.21,
					"id": 12,
					"name": "item_chibi_house_denti_2",
					"prereqs": [ "blaster", "copter" ],
					"description": "Basement Giga-Charger"
				},
				{
					"x": -107.7,
					"y": 3.59,
					"z": 112.55,
					"id": 14,
					"name": "souko_wine_bottle",
					"prereqs": [],
					"description": "Basement Wine Bottle A"
				},
				{
					"x": -42.46,
					"y": 3.59,
					"z": 79.56,
					"id": 15,
					"name": "souko_wine_bottle",
					"prereqs": [],
					"description": "Basement Wine Bottle B"
				},
				{
					"x": -89.29,
					"y": 0.0,
					"z": -51.66,
					"id": 56,
					"name": "item_kami_kuzu",
					"prereqs": [],
					"description": "Basement Wastepaper below Dresser"
				},
				{
					"x": -29.36,
					"y": 0.0,
					"z": 75.61,
					"id": 57,
					"name": "item_kami_kuzu",
					"prereqs": [],
					"description": "Basement Wastepaper below Stairs"
				},
				{
					"x": -36.18,
					"y": 79.08,
					"z": 109.49,
					"id": 58,
					"name": "item_kami_kuzu",
					"prereqs": [],
					"description": "Basement Wastepaper on Stairs"
				},
				{
					"x": -47.82,
					"y": 95.2,
					"z": -93.88,
					"id": 59,
					"name": "item_kami_kuzu",
					"prereqs": [ "blaster", "copter" ],
					"description": "Basement Wastepaper on Shelf"
				},
				{
					"x": -60.8,
					"y": 4.19,
					"z": 92.06,
					"id": 98,
					"name": "souko_wine_bottle_b",
					"prereqs": [],
					"description": "Basement Broken Bottle Bottom"
				},
				{
					"x": -100.83,
					"y": 3.9,
					"z": 102.04,
					"id": 99,
					"name": "souko_wine_bottle_a",
					"prereqs": [],
					"description": "Basement Broken Bottle Top"
				},
				{
					"x": -140.78,
					"y": 88.83,
					"z": -16.49,
					"id": 144,
					"name": "item_kayaku",
					"prereqs": [ "blaster" ],
					"description": "Basement Gunpowder"
				},
				{
					"x": 102.14,
					"y": 91.99,
					"z": 135.74,
					"id": 151,
					"name": "item_frog_ring",
					"prereqs": [ "blaster", "copter" ],
					"description": "Basement Frog Ring"
				},
				{
					"x": -65.33,
					"y": 99.3,
					"z": -95.11,
					"id": 210,
					"name": "item_akikan",
					"prereqs": [ "blaster", "copter" ],
					"description": "Basement Purple Can"
				},
				{
					"x": -110.26,
					"y": 59.7,
					"z": -12.69,
					"id": 211,
					"name": "item_candy_gomi",
					"prereqs": [ "blaster" ],
					"description": "Basement Cabinet Trash A"
				},
				{
					"x": -21.81,
					"y": 60.6,
					"z": 85.99,
					"id": 212,
					"name": "item_candy_gomi",
					"prereqs": [ "blaster" ],
					"description": "Basement Cabinet Trash B"
				},
				{
					"x": -40.21,
					"y": 160.03,
					"z": -109.1,
					"id": 213,
					"name": "living_happy_box",
					"prereqs": [ "blaster", "copter" ],
					"description": "Basement Shelf Happy Block B"
				},
				{
					"x": -54.9,
					"y": 160.03,
					"z": -108.97,
					"id": 214,
					"name": "living_happy_box",
					"prereqs": [ "blaster", "copter" ],
					"description": "Basement Shelf Happy Block A"
				},
				{
					"x": 61.06,
					"y": 163.0,
					"z": -63.59,
					"id": 215,
					"name": "living_happy_box",
					"prereqs": [ "blaster", "copter" ],
					"description": "Basement Rafters Happy Block B"
				},
				{
					"x": -121.82,
					"y": 173.33,
					"z": 60.21,
					"id": 216,
					"name": "living_happy_box",
					"prereqs": [ "blaster", "copter" ],
					"description": "Basement Rafters Happy Block A"
				},
				{
					"x": -56.98,
					"y": 99.87,
					"z": 81.71,
					"id": 217,
					"name": "living_happy_box",
					"prereqs": [],
					"description": "Basement Stairs Happy Block"
				},
				{
					"x": -92.1,
					"y": 140.1,
					"z": 120.42,
					"id": 241,
					"name": "coin_c",
					"prereqs": [],
					"description": "Basement Stairs 10M Coin Upper"
				},
				{
					"x": 8.41,
					"y": 40.0,
					"z": 119.89,
					"id": 242,
					"name": "coin_c",
					"prereqs": [],
					"description": "Basement Stairs 10M Coin Lower"
				},
				{
					"x": -88.16,
					"y": 120.69,
					"z": 28.84,
					"id": 243,
					"name": "coin_c",
					"prereqs": [ "blaster", "copter" ],
					"description": "Basement Swing 10M Coin"
				}
			]
		},
		{
			"name": "backyard",
			"checks": [
				{
					"x": 278.43,
					"y": 11.9,
					"z": -87.69,
					"id": 106,
					"name": "item_leaf",
					"prereqs": [ "blaster" ],
					"description": "Backyard Twig by Glass Door"
				},
				{
					"x": 447.28,
					"y": 0.2,
					"z": 196.19,
					"id": 107,
					"name": "item_leaf",
					"prereqs": [ "blaster" ],
					"description": "Backyard Twig by Fence"
				},
				{
					"x": 623.65,
					"y": 0.2,
					"z": -638.37,
					"id": 108,
					"name": "item_leaf",
					"prereqs": [ "blaster" ],
					"description": "Backyard Twig under Tree"
				},
				{
					"x": 346.09,
					"y": 8.29,
					"z": -408.47,
					"id": 109,
					"name": "item_leaf",
					"prereqs": [ "blaster" ],
					"description": "Backyard Twig under Awning"
				},
				{
					"x": 456.92,
					"y": -46.91,
					"z": -511.47,
					"id": 112,
					"name": "npc_hock_ship_114",
					"prereqs": [ "blaster", "spoon" ],
					"description": "Backyard Scurvy Splinter"
				},
				{
					"x": 541.26,
					"y": 0.2,
					"z": 31.71,
					"id": 123,
					"name": "item_kusa",
					"prereqs": [ "blaster" ],
					"description": "Backyard Weeds A"
				},
				{
					"x": 547.27,
					"y": 0.2,
					"z": 14.95,
					"id": 124,
					"name": "item_kusa",
					"prereqs": [ "blaster" ],
					"description": "Backyard Weeds B"
				},
				{
					"x": 562.89,
					"y": 0.2,
					"z": 33.64,
					"id": 125,
					"name": "item_kusa",
					"prereqs": [ "blaster" ],
					"description": "Backyard Weeds C"
				},
				{
					"x": 627.9,
					"y": 35.0,
					"z": -464.89,
					"id": 126,
					"name": "item_frog_ring",
					"prereqs": [ "blaster", "copter" ],
					"description": "Backyard Frog Ring"
				},
				{
					"x": 285.66,
					"y": 257.94,
					"z": -45.18,
					"id": 274,
					"name": "living_happy_box",
					"prereqs": [ "blaster", "copter", "charge chip", "frog suit", "squirter" ],
					"description": "Backyard Right Awning Happy Block C"
				},
				{
					"x": 300.41,
					"y": 257.94,
					"z": -69.94,
					"id": 275,
					"name": "living_happy_box",
					"prereqs": [ "blaster", "copter", "charge chip", "frog suit", "squirter" ],
					"description": "Backyard Right Awning Happy Block B"
				},
				{
					"x": 382.31,
					"y": 257.94,
					"z": -587.37,
					"id": 276,
					"name": "living_happy_box",
					"prereqs": [ "blaster", "copter", "charge chip", "frog suit", "squirter" ],
					"description": "Backyard Left Awning Happy Block"
				},
				{
					"x": 536.38,
					"y": 242.63,
					"z": -543.28,
					"id": 277,
					"name": "living_happy_box",
					"prereqs": [ "blaster", "copter", "charge chip" ],
					"description": "Backyard Tree Happy Block"
				},
				{
					"x": 315.48,
					"y": 257.94,
					"z": -44.69,
					"id": 278,
					"name": "living_happy_box",
					"prereqs": [ "blaster", "copter", "charge chip", "frog suit", "squirter" ],
					"description": "Backyard Right Awning Happy Block A"
				},
				{
					"x": 386.2,
					"y": 257.79,
					"z": -108.84,
					"id": 292,
					"name": "item_t_block_3",
					"prereqs": [ "blaster", "copter", "charge chip", "frog suit", "squirter" ],
					"description": "Backyard White Block"
				}
			]
		},
		{
			"name": "jennyroom",
			"checks": [
				{
					"x": 196.87,
					"y": 19.1,
					"z": 40.98,
					"id": 104,
					"name": "item_denchi_3",
					"prereqs": [ "ladder", "red shoe" ],
					"description": "Jennys Room AA Battery"
				},
				{
					"x": 92.86,
					"y": 40.4,
					"z": -59.39,
					"id": 106,
					"name": "living_happy_block",
					"prereqs": [ "ladder" ],
					"description": "Jennys Room Happy Block by TV"
				},
				{
					"x": 235.65,
					"y": 229.28,
					"z": -339.39,
					"id": 107,
					"name": "living_happy_block",
					"prereqs": [ "ladder" ],
					"description": "Jennys Room Happy Block on Train Shelf B"
				},
				{
					"x": -6.65,
					"y": 41.79,
					"z": 148.38,
					"id": 109,
					"name": "living_happy_block",
					"prereqs": [ "ladder" ],
					"description": "Jennys Room Happy Block on Chair"
				},
				{
					"x": -261.73,
					"y": 98.95,
					"z": -152.07,
					"id": 110,
					"name": "living_happy_block",
					"prereqs": [ "ladder" ],
					"description": "Jennys Room Happy Block on Bookshelf"
				},
				{
					"x": -200.36,
					"y": 216.57,
					"z": -313.7,
					"id": 111,
					"name": "living_happy_block",
					"prereqs": [ "ladder" ],
					"description": "Jennys Room Happy Block on Train Shelf A"
				},
				{
					"x": 207.84,
					"y": 127.09,
					"z": -133.22,
					"id": 122,
					"name": "item_denchi_1",
					"prereqs": [ "ladder", "red shoe", "blaster", "copter" ],
					"description": "Jennys Room D Battery"
				},
				{
					"x": 214.54,
					"y": 127.09,
					"z": 5.37,
					"id": 124,
					"name": "item_denchi_2",
					"prereqs": [ "ladder", "red shoe", "blaster", "copter" ],
					"description": "Jennys Room C Battery"
				},
				{
					"x": -200.88,
					"y": 0.0,
					"z": 105.19,
					"id": 153,
					"name": "item_kami_kuzu",
					"prereqs": [ "ladder" ],
					"description": "Jennys Room Wastepaper by Trashcan"
				},
				{
					"x": 205.72,
					"y": 0.0,
					"z": 80.36,
					"id": 154,
					"name": "item_kami_kuzu",
					"prereqs": [ "ladder" ],
					"description": "Jennys Room Wastepaper by Piano"
				},
				{
					"x": 92.85,
					"y": 0.0,
					"z": -350.66,
					"id": 155,
					"name": "item_kami_kuzu",
					"prereqs": [ "ladder" ],
					"description": "Jennys Room Wastepaper under Dresser"
				},
				{
					"x": -73.55,
					"y": -0.3,
					"z": -323.75,
					"id": 156,
					"name": "item_kami_kuzu",
					"prereqs": [ "ladder" ],
					"description": "Jennys Room Wastepaper under Bed A"
				},
				{
					"x": -81.62,
					"y": -0.3,
					"z": -317.38,
					"id": 157,
					"name": "item_kami_kuzu",
					"prereqs": [ "ladder" ],
					"description": "Jennys Room Wastepaper under Bed B"
				},
				{
					"x": -9.96,
					"y": -0.3,
					"z": -319.54,
					"id": 158,
					"name": "item_kami_kuzu",
					"prereqs": [ "ladder" ],
					"description": "Jennys Room Wastepaper under Bed C"
				},
				{
					"x": -23.25,
					"y": -0.3,
					"z": -335.29,
					"id": 159,
					"name": "item_kami_kuzu",
					"prereqs": [ "ladder" ],
					"description": "Jennys Room Wastepaper under Bed D"
				},
				{
					"x": 16.92,
					"y": 60.0,
					"z": 197.76,
					"id": 161,
					"name": "item_kami_kuzu",
					"prereqs": [ "ladder" ],
					"description": "Jennys Room Wastepaper by Crayon Box"
				},
				{
					"x": 225.0,
					"y": 59.83,
					"z": -335.73,
					"id": 181,
					"name": "item_peets_kutu",
					"prereqs": [ "ladder" ],
					"description": "Jennys Room Red Shoe"
				},
				{
					"x": 181.07,
					"y": 73.3,
					"z": -345.41,
					"id": 226,
					"name": "item_frog_ring",
					"prereqs": [ "ladder" ],
					"description": "Jennys Room Frog Ring"
				},
				{
					"x": 33.49,
					"y": 40.18,
					"z": -98.63,
					"id": 236,
					"name": "item_tyuusyaki",
					"prereqs": [ "ladder" ],
					"description": "Jennys Room Squirter"
				},
				{
					"x": 249.91,
					"y": 124.64,
					"z": -309.88,
					"id": 263,
					"name": "item_goggle",
					"prereqs": [ "ladder" ],
					"description": "Jennys Room Snorkel"
				},
				{
					"x": -90.26,
					"y": 0.0,
					"z": -314.07,
					"id": 282,
					"name": "item_cookie_kakera",
					"prereqs": [ "ladder" ],
					"description": "Jennys Room Cookie Crumbs under Bed A"
				},
				{
					"x": -19.39,
					"y": 0.0,
					"z": -346.09,
					"id": 283,
					"name": "item_cookie_kakera",
					"prereqs": [ "ladder" ],
					"description": "Jennys Room Cookie Crumbs under Bed B"
				},
				{
					"x": 2.43,
					"y": 0.0,
					"z": -312.23,
					"id": 284,
					"name": "item_cookie_kakera",
					"prereqs": [ "ladder" ],
					"description": "Jennys Room Cookie Crumbs under Bed C"
				},
				{
					"x": -72.37,
					"y": 0.0,
					"z": -313.31,
					"id": 285,
					"name": "item_cookie_kakera",
					"prereqs": [ "ladder" ],
					"description": "Jennys Room Cookie Crumbs under Bed D"
				},
				{
					"x": -101.56,
					"y": 0.0,
					"z": 157.52,
					"id": 286,
					"name": "item_cookie_kakera",
					"prereqs": [ "ladder" ],
					"description": "Jennys Room Cookie Crumbs by Chair"
				},
				{
					"x": -76.06,
					"y": 60.0,
					"z": 196.08,
					"id": 287,
					"name": "item_cookie_kakera",
					"prereqs": [ "ladder" ],
					"description": "Jennys Room Cookie Crumbs on Desk A"
				},
				{
					"x": -84.1,
					"y": 60.0,
					"z": 205.42,
					"id": 288,
					"name": "item_cookie_kakera",
					"prereqs": [ "ladder" ],
					"description": "Jennys Room Cookie Crumbs B"
				},
				{
					"x": -65.37,
					"y": 1.2,
					"z": -358.47,
					"id": 289,
					"name": "item_candy_gomi",
					"prereqs": [ "ladder" ],
					"description": "Jennys Room Candy Wrapper below Bed A"
				},
				{
					"x": 1.08,
					"y": 1.2,
					"z": -322.97,
					"id": 290,
					"name": "item_candy_gomi",
					"prereqs": [ "ladder" ],
					"description": "Jennys Room Candy Wrapper below Bed B"
				},
				{
					"x": -12.21,
					"y": 1.2,
					"z": -309.25,
					"id": 291,
					"name": "item_candy_gomi",
					"prereqs": [ "ladder" ],
					"description": "Jennys Room Candy Wrapper below Bed C"
				},
				{
					"x": -90.83,
					"y": 76.9,
					"z": -326.42,
					"id": 292,
					"name": "item_candy_gomi",
					"prereqs": [ "ladder" ],
					"description": "Jennys Room Candy Wrapper on Bed A"
				},
				{
					"x": -3.17,
					"y": 77.0,
					"z": -326.38,
					"id": 293,
					"name": "item_candy_gomi",
					"prereqs": [ "ladder" ],
					"description": "Jennys Room Candy Wrapper on Bed B"
				},
				{
					"x": 27.53,
					"y": 40.7,
					"z": -61.56,
					"id": 294,
					"name": "item_candy_gomi",
					"prereqs": [ "ladder" ],
					"description": "Jennys Room Candy Wrapper by TV"
				},
				{
					"x": 33.62,
					"y": 60.7,
					"z": 197.32,
					"id": 295,
					"name": "item_candy_gomi",
					"prereqs": [ "ladder" ],
					"description": "Jennys Room Candy Wrapper by Crayon Box A"
				},
				{
					"x": 73.26,
					"y": 86.26,
					"z": 225.55,
					"id": 296,
					"name": "item_candy_gomi",
					"prereqs": [ "ladder" ],
					"description": "Jennys Room Candy Wrapper by Crayon Box B"
				},
				{
					"x": -89.44,
					"y": 0.0,
					"z": -334.07,
					"id": 297,
					"name": "item_okasi_gomi_1",
					"prereqs": [ "ladder" ],
					"description": "Jennys Room Candy Bag under Bed "
				},
				{
					"x": 0.26,
					"y": 76.4,
					"z": -339.14,
					"id": 298,
					"name": "item_okasi_gomi_1",
					"prereqs": [ "ladder" ],
					"description": "Jennys Room Candy Bag on Bed"
				},
				{
					"x": -15.62,
					"y": 0.1,
					"z": -328.33,
					"id": 299,
					"name": "item_okasi_gomi_2",
					"prereqs": [ "ladder" ],
					"description": "Jennys Room Cookie Box under Bed A"
				},
				{
					"x": -36.64,
					"y": 0.1,
					"z": -358.68,
					"id": 300,
					"name": "item_okasi_gomi_2",
					"prereqs": [ "ladder" ],
					"description": "Jennys Room Cookie Box under Bed B"
				},
				{
					"x": -102.23,
					"y": 60.1,
					"z": 196.78,
					"id": 301,
					"name": "item_okasi_gomi_2",
					"prereqs": [ "ladder" ],
					"description": "Jennys Room Cookie Box on Desk"
				},
				{
					"x": -74.23,
					"y": 3.49,
					"z": -344.53,
					"id": 302,
					"name": "item_akikan",
					"prereqs": [ "ladder" ],
					"description": "Jennys Room Orange Can"
				},
				{
					"x": -81.1,
					"y": 3.49,
					"z": -360.07,
					"id": 303,
					"name": "item_akikan",
					"prereqs": [ "ladder" ],
					"description": "Jennys Room Purple Can"
				},
				{
					"x": 14.59,
					"y": 42.6,
					"z": 155.52,
					"id": 306,
					"name": "item_kure_1",
					"prereqs": [ "ladder" ],
					"description": "Jennys Room Red Crayon"
				},
				{
					"x": -234.02,
					"y": 16.58,
					"z": -153.46,
					"id": 307,
					"name": "item_kure_3",
					"prereqs": [ "ladder" ],
					"description": "Jennys Room Yellow Crayon"
				},
				{
					"x": -9.17,
					"y": 1.0,
					"z": -354.44,
					"id": 308,
					"name": "item_kure_4",
					"prereqs": [ "ladder" ],
					"description": "Jennys Room Green Crayon"
				},
				{
					"x": -259.56,
					"y": 99.84,
					"z": -80.61,
					"id": 309,
					"name": "item_kure_5",
					"prereqs": [ "ladder", "copter" ],
					"description": "Jennys Room Purple Crayon"
				},
				{
					"x":175.03,
					"y":195.19,
					"z":-300.82,
					"id":364,
					"name": "item_t_block_4",
					"prereqs": [ "ladder" ],
					"description": "Jennys Room Green Block"
				},
				{
					"x": -85.34,
					"y": 39.5,
					"z": -132.53,
					"id": 369,
					"name": "coin_c",
					"prereqs": [ "ladder", "copter" ],
					"description": "Jennys Room Stool 10M Coin"
				},
				{
					"x": 20.94,
					"y": 100.59,
					"z": -218.04,
					"id": 371,
					"name": "coin_c",
					"prereqs": [ "ladder" ],
					"description": "Jennys Room Bed Railing 10M Coin B"
				},
				{
					"x": -120.77,
					"y": 100.59,
					"z": -217.73,
					"id": 372,
					"name": "coin_c",
					"prereqs": [ "ladder" ],
					"description": "Jennys Room Bed Railing 10M Coin A"
				},
				{
					"x": -196.81,
					"y": 35.95,
					"z": -346.77,
					"id": 373,
					"name": "coin_c",
					"prereqs": [ "ladder" ],
					"description": "Jennys Room Slide 10M Coin"
				},
				{
					"x": 259.1,
					"y": 0.0,
					"z": 18.54,
					"id": 374,
					"name": "coin_c",
					"prereqs": [ "ladder" ],
					"description": "Jennys Room 10M Coin under Castle"
				}
			]
		},
		{
			"name": "bedroom",
			"checks": [
				{
					"x": -310.89,
					"y": 1.4,
					"z": 113.32,
					"id": 163,
					"name": "item_rex_tooth",
					"prereqs": [ "ladder", "frog suit" ],
					"description": "Bedroom Dinahs Teeth"
				},
				{
					"x": 143.92,
					"y": 5.0,
					"z": 57.88,
					"id": 174,
					"name": "item_left_foot",
					"prereqs": [ "ladder", "suitcase" ],
					"description": "Bedroom Left Leg in Suitcase"
				},
				{
					"x": -4.06,
					"y": 87.57,
					"z": -56.37,
					"id": 194,
					"name": "item_ticket",
					"prereqs": [ "ladder", "copter" ],
					"description": "Bedroom Ticket Stub"
				},
				{
					"x": -113.75,
					"y": 0.0,
					"z": 272.03,
					"id": 213,
					"name": "item_frog",
					"prereqs": [ "ladder", "frog suit" ],
					"description": "Bedroom Passed-Out Frog"
				},
				{
					"x": 64.01,
					"y": 0.0,
					"z": -132.31,
					"id": 281,
					"name": "item_kami_kuzu",
					"prereqs": [ "" ],
					"description": "Bedroom Wastepaper by Bills B"
				},
				{
					"x": 57.22,
					"y": 0.0,
					"z": -124.83,
					"id": 282,
					"name": "item_kami_kuzu",
					"prereqs": [ "ladder" ],
					"description": "Bedroom Wastepaper by Bills A"
				},
				{
					"x": 264.24,
					"y": 0.0,
					"z": 0.58,
					"id": 283,
					"name": "item_kami_kuzu",
					"prereqs": [ "ladder" ],
					"description": "Bedroom Wastepaper under Bed"
				},
				{
					"x": 101.02,
					"y": 0.0,
					"z": 239.17,
					"id": 284,
					"name": "item_kami_kuzu",
					"prereqs": [ "ladder" ],
					"description": "Bedroom Wastepaper under Vanity"
				},
				{
					"x": 108.8,
					"y": 55.0,
					"z": 256.9,
					"id": 285,
					"name": "item_kami_kuzu",
					"prereqs": [ "ladder", "copter" ],
					"description": "Bedroom Wastepaper on Vanity"
				},
				{
					"x": 109.17,
					"y": 38.7,
					"z": -134.48,
					"id": 286,
					"name": "item_kami_kuzu",
					"prereqs": [ "ladder", "copter" ],
					"description": "Bedroom Wastepaper on Bed"
				},
				{
					"x": 180.62,
					"y": 219.0,
					"z": 226.38,
					"id": 287,
					"name": "item_kami_kuzu",
					"prereqs": [ "ladder", "copter" ],
					"description": "Bedroom Wastepaper by Dinahs Place A"
				},
				{
					"x": 195.16,
					"y": 219.0,
					"z": 224.64,
					"id": 288,
					"name": "item_kami_kuzu",
					"prereqs": [ "ladder", "copter" ],
					"description": "Bedroom Wastepaper by Dinahs Place B"
				},
				{
					"x": 83.35,
					"y": 17.89,
					"z": -131.56,
					"id": 289,
					"name": "item_cookie_kakera",
					"prereqs": [ "ladder", "copter" ],
					"description": "Bedroom Cookie Crumbs on Toybox"
				},
				{
					"x": 41.01,
					"y": 61.59,
					"z": 263.62,
					"id": 290,
					"name": "item_candy_gomi",
					"prereqs": [ "ladder", "copter" ],
					"description": "Bedroom Vanity Candy Wrapper A"
				},
				{
					"x": 28.55,
					"y": 61.49,
					"z": 262.04,
					"id": 291,
					"name": "item_candy_gomi",
					"prereqs": [ "ladder", "copter" ],
					"description": "Bedroom Vanity Candy Wrapper B"
				},
				{
					"x": -54.0,
					"y": 72.69,
					"z": -150.78,
					"id": 292,
					"name": "item_candy_gomi",
					"prereqs": [ "ladder" ],
					"description": "Bedroom Shelf Candy Wrapper"
				},
				{
					"x": 63.97,
					"y": 60.86,
					"z": 265.24,
					"id": 293,
					"name": "item_okasi_gomi_1",
					"prereqs": [ "ladder", "copter" ],
					"description": "Bedroom Vanity Candy Bag"
				},
				{
					"x": -3.85,
					"y": 71.17,
					"z": -36.68,
					"id": 314,
					"name": "living_happy_block",
					"prereqs": [ "ladder", "copter" ],
					"description": "Bedroom Happy Block by Ticket Stub (Lower Shelf)"
				},
				{
					"x": -4.44,
					"y": 146.6,
					"z": -91.62,
					"id": 316,
					"name": "living_happy_block",
					"prereqs": [ "ladder", "copter" ],
					"description": "Bedroom Happy Block by Ticket Stub (Higher Shelf)"
				},
				{
					"x": 127.26,
					"y": 40.0,
					"z": 205.66,
					"id": 369,
					"name": "coin_c",
					"prereqs": [ "ladder", "copter" ],
					"description": "Bedroom Vanity Stool 10M Coin"
				},
				{
					"x": 33.03,
					"y": 220.1,
					"z": 181.52,
					"id": 370,
					"name": "coin_c",
					"prereqs": [ "ladder", "copter" ],
					"description": "Bedroom 10M Coin by Dinahs Place"
				},
				{
					"x": 86.9,
					"y": 0.0,
					"z": -162.78,
					"id": 371,
					"name": "coin_c",
					"prereqs": [ "ladder" ],
					"description": "Bedroom 10M Coin under Bed"
				},
				{
					"x": 48.32,
					"y": 73.3,
					"z": -187.77,
					"id": 372,
					"name": "coin_c",
					"prereqs": [ "ladder", "copter" ],
					"description": "Bedroom 10M Coin on Nightstand"
				},
				{
					"x": -77.06,
					"y": 12.09,
					"z": -131.39,
					"id": 373,
					"name": "coin_c",
					"prereqs": [ "ladder" ],
					"description": "Bedroom 10M Coin on Shelf"
				}
			]
		},
		{
			"name": "shop",
			"checks": [
				{
					"x": 0,
					"y": 0,
					"z": 0,
					"id": 3,
					"name": "item_tane_a_92",
					"prereqs": [ "shop" ],
					"description": "Shop Pink Flower Seed"
				},
				{
					"x": 0,
					"y": 0,
					"z": 0,
					"id": 4,
					"name": "item_tane_a_93",
					"prereqs": [ "shop" ],
					"description": "Shop Blue Flower Seed"
				},
				{
					"x": 0,
					"y": 0,
					"z": 0,
					"id": 5,
					"name": "item_tane_a_94",
					"prereqs": [ "shop" ],
					"description": "Shop White Flower Seed"
				},
				{
					"x": 0,
					"y": 0,
					"z": 0,
					"id": 6,
					"name": "item_tane_a_152",
					"prereqs": [ "shop" ],
					"description": "Shop Nectar Flower Seed"
				},
				{
					"x": 0,
					"y": 0,
					"z": 0,
					"id": 7,
					"name": "item_chip_53",
					"prereqs": [ "blaster", "shop" ],
					"description": "Shop Charge Chip"
				},
				{
					"x": 0,
					"y": 0,
					"z": 0,
					"id": 9,
					"name": "item_c_denchi",
					"prereqs": [ "shop" ],
					"description": "Shop Chibi-Battery"
				},
				{
					"x": 0,
					"y": 0,
					"z": 0,
					"id": 11,
					"name": "item_chip_54",
					"prereqs": [ "blaster", "shop" ],
					"description": "Shop Range Chip"
				},
				{
					"x": 0,
					"y": 0,
					"z": 0,
					"id": 13,
					"name": "item_hocyouki",
					"prereqs": [ "shop", "radar", "divorce" ],
					"description": "Shop Alien Ear Chip"
				},
				{
					"x": 0,
					"y": 0,
					"z": 0,
					"id": 14,
					"name": "item_car_item",
					"prereqs": ["shop"],
					"description": "Shop Hot Rod"
				},
				{
					"x": 0,
					"y": 0,
					"z": 0,
					"id": 15,
					"name": "item_nwing_item",
					"prereqs": [ "shop" ],
					"description": "Shop Space Scrambler"
				}
			]
		}
	]
	
}